KD PERFORMANCE,,,,,,
Month,flash_date,product_name,SUM of Tiv,SUM of Quantity_Available,SUM of Quantity_Sold,STR
7,2024-07-01,24 Packs - Tropicana Slim Collagen Shot Peach Blossom 190ml (24pcs),0,15,0,"0,00%"
,,Buy 4 Get 1 FREE: L-Men Protein Crunch BBQ Beef (20gr),132.000,15,2,"13,33%"
,,HiLo Active Chocolate 1000gr,2.755.000,30,19,"63,33%"
,,HiLo Active Vanilla 1000g - Susu Tinggi Kalsium Lebih Rendah Lemak,1.595.000,30,11,"36,67%"
,,HiLo School Chocolate 1000gr - Susu Tinggi Kalsium,2.370.000,15,15,"100,00%"
,,HiLo School Vanilla 1000g - Susu Tinggi Kalsium,1.896.000,10,12,"120,00%"
,,HiLo School Vanilla Vegiberi 200ml - Ready to Drink (4 Pcs),0,15,0,"0,00%"
,,HiLo Teen Chocolate 1000gr - Susu Tinggi Kalsium,3.240.000,20,20,"100,00%"
,,HiLo Teen Strawberry Milkshake 500gr - Susu Tinggi Kalsium,0,5,0,"0,00%"
,,HiLo Teen Vanilla Caramel 1000 gram - Susu Tinggi Kalsium,2.592.000,30,16,"53,33%"
,,HiLo Thai Tea 200ml (1 pc) - Ready to Drink,0,10,0,"0,00%"
,,NutriSari 4 Rasa Local Package (40 Sch),1.646.700,45,33,"73,33%"
,,Tropicana Slim Avocado Coffee (10 Sch) - Tanpa Gula Pasir,208.800,15,6,"40,00%"
,,Tropicana Slim Beras Merah Organik 1 KG  - Beras Merah Pulen,368.000,15,10,"66,67%"
,,Tropicana Slim Cafe Latte (10 sch) - Kopi Bebas Gula,457.500,15,15,"100,00%"
,,Tropicana Slim Classic (50 sch) - Pengganti Gula,425.000,15,10,"66,67%"
,,Tropicana Slim Classic Refill 500gr - Pengganti Gula,1.410.500,15,13,"86,67%"
,,Tropicana Slim Cookies Package 4 Varian (@5 Sch),488.000,45,5,"11,11%"
,,Tropicana Slim Extra Virgin Olive Oil 500ml,2.656.500,30,23,"76,67%"
,,Tropicana Slim Mayonnaise Roasted Sesame 200gr,390.000,15,15,"100,00%"
,,Tropicana Slim Mint Cocoa (10 Sch) - Minuman Cokelat Bebas Gula,564.000,45,15,"33,33%"
,,Tropicana Slim Oat Drink 190ml (4 pcs) - Ready to Drink,1.014.600,45,38,"84,44%"
,,Tropicana Slim Sirup Leci - Sirup Bebas Gula,100.500,45,3,"6,67%"
,,Tropicana Slim Topping Kental Manis - Sugar FREE,243.600,30,7,"23,33%"
,,Twin Pack - HiLo Teen Vanilla Caramel 1000 gram - Susu Tinggi Kalsium,2.254.000,30,7,"23,33%"
,,Twin Pack: L-Men Protein Bar Crunchy Chocolate 12 Sch (7g protein),4.901.000,30,29,"96,67%"
,,Twin Pack: Tropicana Slim Classic 50 Sch - Pengganti Gula,256.500,15,3,"20,00%"
,,Twin Pack: Tropicana Slim Extra Virgin Olive Oil 500ml,460.000,15,2,"13,33%"
,,Twin Pack: Tropicana Slim Hokkaido Cheese Cookies (5 Sch) - Sugar FREE,1.410.500,45,31,"68,89%"
,,Twin Pack: Tropicana Slim Minyak Kanola 946ml - Pure Canola Oil,3.432.000,30,26,"86,67%"
,2024-07-01 Total,,37.267.700,735,386,"52,52%"
,2024-07-02,24 Packs - Tropicana Slim Collagen Shot Peach Blossom 190ml (24pcs),0,15,0,"0,00%"
,,HiLo Active Chocolate 1000gr,747.000,5,5,"100,00%"
,,HiLo Gold Vanilla 500gr - Susu Tinggi Kalsium,918.500,45,11,"24,44%"
,,HiLo Platinum + HMB 8 Sachet - Susu Tinggi Protein Jaga Massa Otot,0,15,0,"0,00%"
,,HiLo School 3+ Strawberry Pop 400gr - Susu dengan Omega 3 (DHA),931.500,25,15,"60,00%"
,,HiLo Teen Chocolate 1000gr - Susu Tinggi Kalsium,4.212.000,70,26,"37,14%"
,,HiLo Teen Vanilla Caramel 1000 gram - Susu Tinggi Kalsium,2.592.000,30,16,"53,33%"
,,HiLo Thai Tea 200ml (1 pc) - Ready to Drink,0,10,0,"0,00%"
,,L-Men Gain Mass Chocolate 500 gr,1.053.500,30,7,"23,33%"
,,NutriSari American Sweet Orange (40 Sch),2.145.700,45,43,"95,56%"
,,NutriSari Jeruk Nipis (40 Sch),349.300,15,7,"46,67%"
,,NutriSari Jeruk peras (40 Sch),2.245.500,45,45,"100,00%"
,,Triple Pack: Tropicana Slim Korean Garlic Butter Cookies (5 Sch),146.000,15,2,"13,33%"
,,Triple Pack: Tropicana Slim White Coffee - Kopi Bebas Gula,480.000,15,8,"53,33%"
,,Tropicana Slim Collagen Drink Strawberry 200g - Kolagen Bebas Gula,724.000,12,4,"33,33%"
,,Tropicana Slim DIABTX (50 sch) - Pengganti Gula Diabetesi,89.200,15,2,"13,33%"
,,Tropicana Slim Extra Virgin Olive Oil 500ml,1.190.000,10,10,"100,00%"
,,Tropicana Slim Hokkaido Cheese Cookies + Nutty Chocolate Cookies,139.200,12,2,"16,67%"
,,Tropicana Slim Madu 350ml - Bebas Gula,688.000,15,10,"66,67%"
,,Tropicana Slim Minyak Kanola 946ml - Pure Canola Oil,922.800,27,12,"44,44%"
,,Tropicana Slim Minyak Sunflower 946ml - Pure Sunflower Oil,0,25,0,"0,00%"
,,Tropicana Slim Sirup Orange - Sirup Bebas Gula,0,15,0,"0,00%"
,,Tropicana Slim Skim Milk Fiber Pro 500gr - Susu Turunkan Kolesterol,232.000,15,2,"13,33%"
,,Twin Pack - HiLo Teen HI PROTEIN Melon 400 g ï¿½ï¿½ï¿½ Susu Kalsium Remaja,0,45,0,"0,00%"
,,Twin Pack - HiLo Teen Original 400 gram - Susu Tinggi Kalsium,0,15,0,"0,00%"
,,Twin Pack: Tropicana Slim Avocado Coffee (10 Sch) - Tanpa Gula Pasir,208.800,15,3,"20,00%"
,,Twin Pack: Tropicana Slim Strawberry Jam 375gr - Selai Bebas Gula,0,15,0,"0,00%"
,2024-07-02 Total,,20.015.000,616,230,"37,34%"
,2024-07-03,12 Pack - Tropicana Slim Oat Drink 190 ml (RTD) - Minuman Bebas Gula,0,13,0,"0,00%"
,,24 Packs - Tropicana Slim Collagen Shot Peach Blossom 190ml (24pcs),0,45,0,"0,00%"
,,Buy 4 Get 1 FREE: L-Men Protein Crunch BBQ Beef (20gr),132.000,15,2,"13,33%"
,,HiLo Active Chocolate 500gr - Susu Tinggi Kalsium,77.000,15,1,"6,67%"
,,HiLo Active Vanilla 500gr - Susu Tinggi Kalsium,77.000,15,1,"6,67%"
,,HiLo Gold Original (Plain) 500gr - Susu Tinggi Kalsium,0,26,0,"0,00%"
,,HiLo Gold Plain 1000gr - Susu Tinggi Kalsium,466.500,30,3,"10,00%"
,,HiLo Teen Chocolate 1000gr - Susu Tinggi Kalsium,3.402.000,40,21,"52,50%"
,,HiLo Teen HI PROTEIN Melon 400 g ï¿½ï¿½ï¿½ Susu Kalsium Remaja Tinggi Protein,0,15,0,"0,00%"
,,HiLo Teen Popcorn Caramel 500gr - Susu Tinggi Kalsium,0,15,0,"0,00%"
,,HiLo Teen Vanilla Caramel 1000 gram - Susu Tinggi Kalsium,1.458.000,15,9,"60,00%"
,,HiLo Thai Tea 200ml (1 pc) - Ready to Drink,0,10,0,"0,00%"
,,L-Men Gain Mass Chocolate 225gr,0,15,0,"0,00%"
,,L-Men Gain Mass Chocolate 500 gr,0,30,0,"0,00%"
,,L-Men Gain Mass Taro 500gr - Suplemen Olahraga Tinggi Whey Protein,0,15,0,"0,00%"
,,L-Men Hi Protein Whey Advanced Cappuccino 250gr,0,15,0,"0,00%"
,,L-Men Protein Bar Strongberry 12 Sachet - Snack Bar Tinggi Protein,760.500,30,9,"30,00%"
,,Triple Pack: HiLo School Chocolate 10 Sachet - Susu Tinggi Kalsium,1.026.200,45,7,"15,56%"
,,Triple Pack: HiLo School Vanilla 10 Sachet - Susu Tinggi Kalsium,293.200,45,2,"4,44%"
,,Tropicana Slim Low Fat Milk Korean Strawberry 500gr ï¿½ï¿½ï¿½ Susu Kolagen,0,15,0,"0,00%"
,,Tropicana Slim Milk Low Fat Vanilla 500gr,338.000,14,4,"28,57%"
,,Tropicana Slim Minyak Sunflower 946ml - Pure Sunflower Oil,168.000,30,2,"6,67%"
,,Tropicana Slim Oat Drink 190ml (24 pcs) - Ready to Drink,449.700,15,3,"20,00%"
,,Tropicana Slim Strawberry jam,760.000,15,10,"66,67%"
,,Tropicana Slim Susu Low Fat Macchiato Coffee 500gr - Susu Rendah Lemak,0,15,0,"0,00%"
,,Twin Pack: Tropicana Slim Saus Tiram 200ml,0,30,0,"0,00%"
,2024-07-03 Total,,9.408.100,583,74,"12,69%"
,2024-07-04,24 Packs - Tropicana Slim Collagen Shot Peach Blossom 190ml (24pcs),0,15,0,"0,00%"
,,HiLo Active Chocolate 1000gr,1.015.000,30,7,"23,33%"
,,HiLo Active Vanilla 1000g - Susu Tinggi Kalsium Lebih Rendah Lemak,580.000,30,4,"13,33%"
,,HiLo School Chocolate 1000gr - Susu Tinggi Kalsium,790.000,15,5,"33,33%"
,,HiLo School Vanilla 1000g - Susu Tinggi Kalsium,1.106.000,10,7,"70,00%"
,,HiLo School Vanilla Vegiberi 200ml - Ready to Drink (4 Pcs),0,15,0,"0,00%"
,,HiLo Teen Chocolate 1000gr - Susu Tinggi Kalsium,1.296.000,20,8,"40,00%"
,,HiLo Teen Coffee Tiramisu 200ml (4 Pcs) - Ready to Drink,0,15,0,"0,00%"
,,HiLo Teen Strawberry Milkshake 500gr - Susu Tinggi Kalsium,176.000,5,2,"40,00%"
,,HiLo Teen Vanilla Caramel 1000 gram - Susu Tinggi Kalsium,2.592.000,30,16,"53,33%"
,,NutriSari 4 Rasa Local Package (40 Sch),199.600,45,4,"8,89%"
,,Tropicana Slim Avocado Coffee (10 Sch) - Tanpa Gula Pasir,174.000,15,5,"33,33%"
,,Tropicana Slim Beras Merah Organik 1 KG  - Beras Merah Pulen,478.400,15,13,"86,67%"
,,Tropicana Slim Cafe Latte (10 sch) - Kopi Bebas Gula,396.500,15,13,"86,67%"
,,Tropicana Slim Classic (50 sch) - Pengganti Gula,127.500,15,3,"20,00%"
,,Tropicana Slim Classic Refill 500gr - Pengganti Gula,0,15,0,"0,00%"
,,Tropicana Slim Cookies Package 4 Varian (@5 Sch),585.600,44,6,"13,64%"
,,Tropicana Slim Extra Virgin Olive Oil 500ml,808.500,30,7,"23,33%"
,,Tropicana Slim Mayonnaise Roasted Sesame 200gr,364.000,15,14,"93,33%"
,,Tropicana Slim Mint Cocoa (10 Sch) - Minuman Cokelat Bebas Gula,150.400,45,4,"8,89%"
,,Tropicana Slim Oat Drink 190ml (4 pcs) - Ready to Drink,534.000,30,20,"66,67%"
,,Tropicana Slim Sirup Leci - Sirup Bebas Gula,0,30,0,"0,00%"
,,Twin Pack: L-Men Protein Bar Crunchy Chocolate 12 Sch (7g protein),1.014.000,30,6,"20,00%"
,,Twin Pack: Tropicana Slim Classic 50 Sch - Pengganti Gula,0,15,0,"0,00%"
,,Twin Pack: Tropicana Slim Extra Virgin Olive Oil 500ml,230.000,15,1,"6,67%"
,,Twin Pack: Tropicana Slim Minyak Kanola 946ml - Pure Canola Oil,2.904.000,30,22,"73,33%"
,2024-07-04 Total,,15.521.500,589,167,"28,35%"
,2024-07-05,HiLo Gold Vanilla 500gr - Susu Tinggi Kalsium,584.500,45,7,"15,56%"
,,HiLo Platinum + HMB 8 Sachet - Susu Tinggi Protein Jaga Massa Otot,382.500,15,3,"20,00%"
,,HiLo Teen Chocolate 1000gr - Susu Tinggi Kalsium,2.106.000,70,13,"18,57%"
,,HiLo Teen Vanilla Caramel 1000 gram - Susu Tinggi Kalsium,648.000,30,4,"13,33%"
,,L-Men Gain Mass Chocolate 500 gr,0,12,0,"0,00%"
,,NutriSari American Sweet Orange (40 Sch),998.000,45,20,"44,44%"
,,NutriSari Jeruk Nipis (40 Sch),0,15,0,"0,00%"
,,NutriSari Jeruk peras (40 Sch),1.097.800,45,22,"48,89%"
,,Triple Pack: Tropicana Slim White Coffee - Kopi Bebas Gula,180.000,15,3,"20,00%"
,,Tropicana Slim Madu 350ml - Bebas Gula,481.600,15,7,"46,67%"
,,Tropicana Slim Sirup Orange - Sirup Bebas Gula,100.500,12,3,"25,00%"
,,Tropicana Slim Skim Milk Fiber Pro 500gr - Susu Turunkan Kolesterol,348.000,14,3,"21,43%"
,2024-07-05 Total,,6.926.900,333,85,"25,53%"
,2024-07-06,24 Packs - Tropicana Slim Collagen Shot Peach Blossom 190ml (24pcs),745.000,45,5,"11,11%"
,,Buy 4 Get 1 FREE: L-Men Protein Crunch BBQ Beef (20gr),0,13,0,"0,00%"
,,HiLo Active Chocolate 500gr - Susu Tinggi Kalsium,77.000,15,1,"6,67%"
,,HiLo Gold Plain 1000gr - Susu Tinggi Kalsium,311.000,30,2,"6,67%"
,,HiLo Teen Chocolate 1000gr - Susu Tinggi Kalsium,2.106.000,20,13,"65,00%"
,,HiLo Thai Tea 200ml (1 pc) - Ready to Drink,0,10,0,"0,00%"
,,L-Men Gain Mass Chocolate 225gr,0,15,0,"0,00%"
,,Triple Pack: HiLo School Chocolate 10 Sachet - Susu Tinggi Kalsium,293.200,15,2,"13,33%"
,,Triple Pack: HiLo School Vanilla 10 Sachet - Susu Tinggi Kalsium,733.000,30,5,"16,67%"
,,Tropicana Slim Low Fat Milk Korean Strawberry 500gr ï¿½ï¿½ï¿½ Susu Kolagen,261.000,15,3,"20,00%"
,,Tropicana Slim Strawberry jam,456.000,15,6,"40,00%"
,,Tropicana Slim Susu Low Fat Macchiato Coffee 500gr - Susu Rendah Lemak,169.000,15,2,"13,33%"
,2024-07-06 Total,,5.151.200,238,39,"16,39%"
,2024-07-07,24 Packs - Tropicana Slim Collagen Shot Peach Blossom 190ml (24pcs),447.000,15,3,"20,00%"
,,HiLo Active Chocolate 1000gr,2.900.000,30,20,"66,67%"
,,HiLo Active Vanilla 1000g - Susu Tinggi Kalsium Lebih Rendah Lemak,2.030.000,30,14,"46,67%"
,,HiLo School Vanilla Vegiberi 200ml - Ready to Drink (4 Pcs),87.600,15,3,"20,00%"
,,HiLo Teen Coffee Tiramisu 200ml (4 Pcs) - Ready to Drink,0,15,0,"0,00%"
,,HiLo Teen Strawberry Milkshake 500gr - Susu Tinggi Kalsium,264.000,5,3,"60,00%"
,,HiLo Thai Tea 200ml (1 pc) - Ready to Drink,0,10,0,"0,00%"
,,L-Men Gain Mass Taro 500gr - Suplemen Olahraga Tinggi Whey Protein,142.000,15,1,"6,67%"
,,NutriSari 4 Rasa Local Package (40 Sch),499.000,15,10,"66,67%"
,,Tropicana Slim Avocado Coffee (10 Sch) - Tanpa Gula Pasir,522.000,15,15,"100,00%"
,,Tropicana Slim Beras Merah Organik 1 KG  - Beras Merah Pulen,257.600,10,7,"70,00%"
,,Tropicana Slim Cafe Latte (10 sch) - Kopi Bebas Gula,274.500,15,9,"60,00%"
,,Tropicana Slim Classic (50 sch) - Pengganti Gula,637.500,15,15,"100,00%"
,,Tropicana Slim Classic Refill 500gr - Pengganti Gula,976.500,15,9,"60,00%"
,,Tropicana Slim Cookies Package 4 Varian (@5 Sch),488.000,30,5,"16,67%"
,,Tropicana Slim Mayonnaise Roasted Sesame 200gr,286.000,15,11,"73,33%"
,,Tropicana Slim Mint Cocoa (10 Sch) - Minuman Cokelat Bebas Gula,601.600,30,16,"53,33%"
,,Tropicana Slim Sirup Leci - Sirup Bebas Gula,67.000,45,2,"4,44%"
,,Tropicana Slim Topping Kental Manis - Sugar FREE,139.200,14,4,"28,57%"
,,Twin Pack: L-Men Protein Bar Crunchy Chocolate 12 Sch (7g protein),3.042.000,30,18,"60,00%"
,,Twin Pack: Tropicana Slim Classic 50 Sch - Pengganti Gula,0,15,0,"0,00%"
,,Twin Pack: Tropicana Slim Extra Virgin Olive Oil 500ml,230.000,15,1,"6,67%"
,,Twin Pack: Tropicana Slim Hokkaido Cheese Cookies (5 Sch) - Sugar FREE,591.500,13,13,"100,00%"
,,Twin Pack: Tropicana Slim Minyak Kanola 946ml - Pure Canola Oil,4.356.000,30,33,"110,00%"
,2024-07-07 Total,,18.839.000,457,212,"46,39%"
,2024-07-08,HiLo Active Chocolate 1000gr,580.000,30,4,"13,33%"
,,HiLo Active Vanilla 1000g - Susu Tinggi Kalsium Lebih Rendah Lemak,1.160.000,45,8,"17,78%"
,,HiLo Platinum Swiss Chocolate (12 Sachet) - Susu Tinggi Kalsium,1.230.000,15,12,"80,00%"
,,HiLo School Chocolate 1000gr - Susu Tinggi Kalsium,158.000,15,1,"6,67%"
,,HiLo School Vanilla 1000g - Susu Tinggi Kalsium,632.000,30,4,"13,33%"
,,HiLo School Vanilla Vegiberi 200ml - Ready to Drink (4 Pcs),29.200,15,1,"6,67%"
,,HiLo Teen Chocolate 1000gr - Susu Tinggi Kalsium,1.782.000,20,11,"55,00%"
,,HiLo Teen Coffee Tiramisu 200ml (4 Pcs) - Ready to Drink,0,15,0,"0,00%"
,,HiLo Teen Strawberry Milkshake 500gr - Susu Tinggi Kalsium,0,5,0,"0,00%"
,,HiLo Teen Vanilla Caramel 1000 gram - Susu Tinggi Kalsium,486.000,30,3,"10,00%"
,,L-Men Plant Protein Ogura 216gr,945.000,15,15,"100,00%"
,,L-Men Protein Bar Strongberry 12 Sachet - Snack Bar Tinggi Protein,195.600,15,2,"13,33%"
,,Triple Pack: Tropicana Slim Cafe Latte (10 Sachet) - Sugar FREE,809.100,15,9,"60,00%"
,,Tropicana Slim Avocado Coffee (10 Sch) - Tanpa Gula Pasir,69.600,15,2,"13,33%"
,,Tropicana Slim Cafe Latte (10 sch) - Kopi Bebas Gula,457.500,15,15,"100,00%"
,,Tropicana Slim Classic (50 sch) - Pengganti Gula,0,15,0,"0,00%"
,,Tropicana Slim Classic 100 sachet,1.215.000,15,15,"100,00%"
,,Tropicana Slim Classic Refill 500gr - Pengganti Gula,434.000,15,4,"26,67%"
,,Tropicana Slim Extra Virgin Olive Oil 500ml,2.079.000,30,18,"60,00%"
,,Tropicana Slim Kecap Manis 200ml - Bebas Gula Rendah Garam,0,15,0,"0,00%"
,,Tropicana Slim Madu 350ml - Bebas Gula,137.600,5,2,"40,00%"
,,Tropicana Slim Mayonnaise Roasted Sesame 200gr,130.000,5,5,"100,00%"
,,Tropicana Slim Milk Low Fat Vanilla 500gr,0,15,0,"0,00%"
,,Tropicana Slim Mint Cocoa (10 Sch) - Minuman Cokelat Bebas Gula,263.200,10,7,"70,00%"
,,Tropicana Slim Minyak Kanola 946ml - Pure Canola Oil,155.400,15,2,"13,33%"
,,Tropicana Slim Nutty Chocolate Cookies 200gr - Snack Bebas Gula,192.000,15,4,"26,67%"
,,Tropicana Slim Peanut Almond Butter Spread 300gr ��� Selai Tanpa Gula,804.000,15,12,"80,00%"
,,Tropicana Slim Sirup Cocopandan - Sirup Bebas Gula,67.000,15,2,"13,33%"
,,Tropicana Slim Sirup Leci - Sirup Bebas Gula,67.000,15,2,"13,33%"
,,Tropicana Slim Sirup Orange - Sirup Bebas Gula,67.000,15,2,"13,33%"
,,Tropicana Slim Sweetener DIABTX (100 Sachet),666.400,15,8,"53,33%"
,,Tropicana Slim Sweetener Stevia 100 Sch - Pemanis Alami,2.831.500,35,35,"100,00%"
,,Twin Pack - HiLo Teen Vanilla Caramel 1000 gram - Susu Tinggi Kalsium,322.000,30,1,"3,33%"
,,Twin Pack: L-Men Protein Bar Crunchy Chocolate 12 Sch (7g protein),1.690.000,30,10,"33,33%"
,,Twin Pack: Tropicana Slim Minyak Kanola 946ml - Pure Canola Oil,456.000,30,3,"10,00%"
,2024-07-08 Total,,20.111.100,650,219,"33,69%"
,2024-07-09,HiLo Active Chocolate 1000gr,580.000,30,4,"13,33%"
,,HiLo Active Vanilla 1000g - Susu Tinggi Kalsium Lebih Rendah Lemak,290.000,15,2,"13,33%"
,,HiLo Platinum Swiss Chocolate (12 Sachet) - Susu Tinggi Kalsium,717.500,15,7,"46,67%"
,,HiLo School Chocolate 1000gr - Susu Tinggi Kalsium,316.000,15,2,"13,33%"
,,HiLo School Vanilla 1000g - Susu Tinggi Kalsium,474.000,15,3,"20,00%"
,,HiLo Teen Chocolate 1000gr - Susu Tinggi Kalsium,1.458.000,20,9,"45,00%"
,,HiLo Teen Strawberry Milkshake 500gr - Susu Tinggi Kalsium,0,5,0,"0,00%"
,,HiLo Teen Vanilla Caramel 1000 gram - Susu Tinggi Kalsium,648.000,15,4,"26,67%"
,,L-Men Plant Protein Ogura 216gr,315.000,15,5,"33,33%"
,,L-Men Protein Bar Strongberry 12 Sachet - Snack Bar Tinggi Protein,97.800,15,1,"6,67%"
,,NutriSari 4 Rasa Local Package (40 Sch),0,5,0,"0,00%"
,,Triple Pack: Tropicana Slim Cafe Latte (10 Sachet) - Sugar FREE,899.000,15,10,"66,67%"
,,Tropicana Slim Avocado Coffee (10 Sch) - Tanpa Gula Pasir,139.200,15,4,"26,67%"
,,Tropicana Slim Cafe Latte (10 sch) - Kopi Bebas Gula,213.500,15,7,"46,67%"
,,Tropicana Slim Classic (50 sch) - Pengganti Gula,170.000,15,4,"26,67%"
,,Tropicana Slim Classic 100 sachet,243.000,15,3,"20,00%"
,,Tropicana Slim Classic Refill 500gr - Pengganti Gula,108.500,15,1,"6,67%"
,,Tropicana Slim Cookies Package 4 Varian (@5 Sch),97.600,15,1,"6,67%"
,,Tropicana Slim Extra Virgin Olive Oil 500ml,1.270.500,30,11,"36,67%"
,,Tropicana Slim Gula Buah 50 Sachet - Alami untuk Batasi Gula,226.500,5,5,"100,00%"
,,Tropicana Slim Gula Jawa 350ml - Bebas Gula,129.200,15,2,"13,33%"
,,Tropicana Slim Kecap Manis 200ml - Bebas Gula Rendah Garam,228.000,15,8,"53,33%"
,,Tropicana Slim Madu 350ml - Bebas Gula,137.600,5,2,"40,00%"
,,Tropicana Slim Mayonnaise Roasted Sesame 200gr,130.000,5,5,"100,00%"
,,Tropicana Slim Milk Low Fat Vanilla 500gr,84.500,15,1,"6,67%"
,,Tropicana Slim Mint Cocoa (10 Sch) - Minuman Cokelat Bebas Gula,112.800,10,3,"30,00%"
,,Tropicana Slim Minyak Kanola 946ml - Pure Canola Oil,0,15,0,"0,00%"
,,Tropicana Slim Nutty Chocolate Cookies 200gr - Snack Bebas Gula,288.000,15,6,"40,00%"
,,Tropicana Slim Oat Drink 190ml (4 pcs) - Ready to Drink,32.900,14,1,"7,14%"
,,Tropicana Slim Peanut Almond Butter Spread 300gr ��� Selai Tanpa Gula,1.005.000,15,15,"100,00%"
,,Tropicana Slim Sirup Cocopandan - Sirup Bebas Gula,0,15,0,"0,00%"
,,Tropicana Slim Sirup Leci - Sirup Bebas Gula,0,15,0,"0,00%"
,,Tropicana Slim Sweetener DIABTX (100 Sachet),166.600,15,2,"13,33%"
,,Tropicana Slim Sweetener Stevia 100 Sch - Pemanis Alami,1.860.700,35,23,"65,71%"
,,Twin Pack - HiLo Teen Vanilla Caramel 1000 gram - Susu Tinggi Kalsium,322.000,30,1,"3,33%"
,,Twin Pack - Tropicana Slim Beras Merah Organik 1 KG - Lebih Pulen,219.900,5,3,"60,00%"
,,Twin Pack: L-Men Protein Bar Crunchy Chocolate 12 Sch (7g protein),1.690.000,30,10,"33,33%"
,,Twin Pack: Tropicana Slim Minyak Kanola 946ml - Pure Canola Oil,608.000,30,4,"13,33%"
,2024-07-09 Total,,15.279.300,604,169,"27,98%"
,2024-07-10,24 Packs - Tropicana Slim Oat Drink Japanese Cantaloupe Melon 190 ml,0,5,0,"0,00%"
,,HiLo Active Chocolate 1000gr,435.000,30,3,"10,00%"
,,HiLo Gold Chocolate 1000gr - Susu Tinggi Kalsium Rendah Lemak,622.000,15,4,"26,67%"
,,HiLo School Chocolate 1000gr - Susu Tinggi Kalsium,0,15,0,"0,00%"
,,HiLo Teen Chocolate 1000gr - Susu Tinggi Kalsium,1.296.000,20,8,"40,00%"
,,HiLo Teen Chocolate 200ml (4 Pcs) - Ready to Drink,0,15,0,"0,00%"
,,HiLo Teen Strawberry Milkshake 500gr - Susu Tinggi Kalsium,88.000,5,1,"20,00%"
,,L-Men Plant Protein Ogura 216gr,378.000,15,6,"40,00%"
,,L-Men Protein Bar Strongberry 12 Sachet - Snack Bar Tinggi Protein,293.400,15,3,"20,00%"
,,NutriSari 4 Rasa Local Package (40 Sch),49.900,5,1,"20,00%"
,,Triple Pack: Tropicana Slim Cafe Latte (10 Sachet) - Sugar FREE,899.000,15,10,"66,67%"
,,Tropicana Slim Avocado Coffee (10 Sch) - Tanpa Gula Pasir,34.800,15,1,"6,67%"
,,Tropicana Slim Cafe Latte (10 sch) - Kopi Bebas Gula,457.500,15,15,"100,00%"
,,Tropicana Slim Classic (50 sch) - Pengganti Gula,170.000,15,4,"26,67%"
,,Tropicana Slim Classic 100 sachet,243.000,15,3,"20,00%"
,,Tropicana Slim Classic Refill 500gr - Pengganti Gula,651.000,15,6,"40,00%"
,,Tropicana Slim Extra Virgin Olive Oil 500ml,462.000,30,4,"13,33%"
,,Tropicana Slim Gula Buah 50 Sachet - Alami untuk Batasi Gula,0,5,0,"0,00%"
,,Tropicana Slim Gula Jawa 350ml - Bebas Gula,258.400,15,4,"26,67%"
,,Tropicana Slim Kecap Manis 200ml - Bebas Gula Rendah Garam,0,15,0,"0,00%"
,,Tropicana Slim Madu 350ml - Bebas Gula,344.000,5,5,"100,00%"
,,Tropicana Slim Mayonnaise Roasted Sesame 200gr,0,5,0,"0,00%"
,,Tropicana Slim Milk Low Fat Vanilla 500gr,253.500,15,3,"20,00%"
,,Tropicana Slim Mint Cocoa (10 Sch) - Minuman Cokelat Bebas Gula,150.400,10,4,"40,00%"
,,Tropicana Slim Minyak Kanola 946ml - Pure Canola Oil,155.400,15,2,"13,33%"
,,Tropicana Slim Nutty Chocolate Cookies 200gr - Snack Bebas Gula,48.000,15,1,"6,67%"
,,Tropicana Slim Peanut Almond Butter Spread 300gr ��� Selai Tanpa Gula,1.005.000,15,15,"100,00%"
,,Tropicana Slim Sirup Cocopandan - Sirup Bebas Gula,33.500,15,1,"6,67%"
,,Tropicana Slim Sirup Leci - Sirup Bebas Gula,33.500,15,1,"6,67%"
,,Tropicana Slim Sirup Orange - Sirup Bebas Gula,33.500,15,1,"6,67%"
,,Tropicana Slim Sweetener DIABTX (100 Sachet),0,15,0,"0,00%"
,,Tropicana Slim Sweetener Stevia 100 Sch - Pemanis Alami,1.456.200,35,18,"51,43%"
,,Twin Pack - HiLo Teen Vanilla Caramel 1000 gram - Susu Tinggi Kalsium,322.000,30,1,"3,33%"
,,Twin Pack: Tropicana Slim Minyak Kanola 946ml - Pure Canola Oil,152.000,15,1,"6,67%"
,2024-07-10 Total,,10.325.000,515,126,"24,47%"
,2024-07-11,24 Packs - Tropicana Slim Oat Drink Japanese Cantaloupe Melon 190 ml,198.900,10,1,"10,00%"
,,HiLo Active Chocolate 1000gr,435.000,30,3,"10,00%"
,,HiLo Active Vanilla 1000g - Susu Tinggi Kalsium Lebih Rendah Lemak,435.000,15,3,"20,00%"
,,HiLo Gold Chocolate 1000gr - Susu Tinggi Kalsium Rendah Lemak,466.500,15,3,"20,00%"
,,HiLo School Chocolate 1000gr - Susu Tinggi Kalsium,2.370.000,45,15,"33,33%"
,,HiLo School Chocolate 200ml - Ready to Drink (4 Pcs),262.800,15,9,"60,00%"
,,HiLo School Original 400gr - Susu Tinggi Kalsium Lebih Rendah Lemak,0,5,0,"0,00%"
,,HiLo Teen Chocolate 1000gr - Susu Tinggi Kalsium,3.078.000,40,19,"47,50%"
,,HiLo Teen Chocolate 200ml (24 Pack) -Susu Tinggi Kalsium,0,15,0,"0,00%"
,,HiLo Teen Chocolate 200ml (4 Pcs) - Ready to Drink,438.000,15,15,"100,00%"
,,HiLo Teen Vanilla Caramel 750gr - Susu Tinggi Kalsium,384.000,10,3,"30,00%"
,,Triple Pack: Tropicana Slim Cafe Latte (10 Sachet) - Sugar FREE,179.800,10,2,"20,00%"
,,Tropicana Slim Almond Drink 190ml (4 pcs) - Ready to Drink Cokelat,210.000,30,6,"20,00%"
,,Tropicana Slim Cafe Latte (10 sch) - Kopi Bebas Gula,1.281.000,45,42,"93,33%"
,,Tropicana Slim Classic 100 sachet,324.000,30,4,"13,33%"
,,Tropicana Slim Gula Jawa 350ml - Bebas Gula,0,15,0,"0,00%"
,,Tropicana Slim Kecap Manis 200ml - Bebas Gula Rendah Garam,313.500,30,11,"36,67%"
,,Tropicana Slim Minyak Kanola 946ml - Pure Canola Oil,155.400,30,2,"6,67%"
,,Tropicana Slim Peanut Almond Butter Spread 300gr ��� Selai Tanpa Gula,469.000,15,7,"46,67%"
,,Tropicana Slim Sirup Cocopandan - Sirup Bebas Gula,0,15,0,"0,00%"
,,Tropicana Slim Skim Milk Chocolate 500gr - Susu Turunkan Kolesterol,0,10,0,"0,00%"
,,Tropicana Slim Strawberry jam,152.000,15,2,"13,33%"
,,Tropicana Slim Sweetener DIABTX (100 Sachet),333.200,15,4,"26,67%"
,,Tropicana Slim Sweetener Stevia 100 Sch - Pemanis Alami,2.507.900,45,31,"68,89%"
,,Tropicana Slim Topping Kental Manis - Sugar FREE,0,15,0,"0,00%"
,,Twin Pack - HiLo Teen Vanilla Caramel 1000 gram - Susu Tinggi Kalsium,0,10,0,"0,00%"
,,Twin Pack - L-Men Protein Bar Strongberry 12 Sachet - Tinggi Protein,387.600,30,2,"6,67%"
,2024-07-11 Total,,14.381.600,575,184,"32,00%"
,2024-07-12,24 Packs - Tropicana Slim Collagen Shot Peach Blossom 190ml (24pcs),0,15,0,"0,00%"
,,24 Packs - Tropicana Slim Oat Drink Japanese Cantaloupe Melon 190 ml,0,10,0,"0,00%"
,,HiLo Active Chocolate 1000gr,870.000,30,6,"20,00%"
,,HiLo Active Vanilla 1000g - Susu Tinggi Kalsium Lebih Rendah Lemak,145.000,15,1,"6,67%"
,,HiLo Gold Chocolate 1000gr - Susu Tinggi Kalsium Rendah Lemak,155.500,15,1,"6,67%"
,,HiLo School Chocolate 1000gr - Susu Tinggi Kalsium,1.738.000,45,11,"24,44%"
,,HiLo School Chocolate 200ml - Ready to Drink (4 Pcs),0,15,0,"0,00%"
,,HiLo School Original 400gr - Susu Tinggi Kalsium Lebih Rendah Lemak,210.000,5,5,"100,00%"
,,HiLo Teen Chocolate 1000gr - Susu Tinggi Kalsium,5.832.000,40,36,"90,00%"
,,HiLo Teen Chocolate 200ml (24 Pack) -Susu Tinggi Kalsium,0,15,0,"0,00%"
,,HiLo Teen Chocolate 200ml (4 Pcs) - Ready to Drink,87.600,15,3,"20,00%"
,,HiLo Teen Vanilla Caramel 750gr - Susu Tinggi Kalsium,0,10,0,"0,00%"
,,Triple Pack: Tropicana Slim Cafe Latte (10 Sachet) - Sugar FREE,269.700,10,3,"30,00%"
,,Tropicana Slim Almond Drink 190ml (4 pcs) - Ready to Drink Cokelat,245.000,30,7,"23,33%"
,,Tropicana Slim Cafe Latte (10 sch) - Kopi Bebas Gula,366.000,45,12,"26,67%"
,,Tropicana Slim Classic 100 sachet,243.000,30,3,"10,00%"
,,Tropicana Slim Gula Jawa 350ml - Bebas Gula,0,15,0,"0,00%"
,,Tropicana Slim Kecap Manis 200ml - Bebas Gula Rendah Garam,114.000,30,4,"13,33%"
,,Tropicana Slim Minyak Kanola 946ml - Pure Canola Oil,310.800,30,4,"13,33%"
,,Tropicana Slim Peanut Almond Butter Spread 300gr ��� Selai Tanpa Gula,0,15,0,"0,00%"
,,Tropicana Slim Sirup Cocopandan - Sirup Bebas Gula,67.000,15,2,"13,33%"
,,Tropicana Slim Skim Milk Chocolate 500gr - Susu Turunkan Kolesterol,580.000,10,5,"50,00%"
,,Tropicana Slim Strawberry jam,380.000,15,5,"33,33%"
,,Tropicana Slim Sweetener DIABTX (100 Sachet),333.200,15,4,"26,67%"
,,Tropicana Slim Sweetener Stevia 100 Sch - Pemanis Alami,3.316.900,45,41,"91,11%"
,,Tropicana Slim Topping Kental Manis - Sugar FREE,0,15,0,"0,00%"
,,Twin Pack - HiLo Teen Vanilla Caramel 1000 gram - Susu Tinggi Kalsium,0,10,0,"0,00%"
,,Twin Pack - L-Men Protein Bar Strongberry 12 Sachet - Tinggi Protein,387.600,30,2,"6,67%"
,2024-07-12 Total,,15.651.300,590,155,"26,27%"
,2024-07-13,24 Packs - Tropicana Slim Collagen Shot Peach Blossom 190ml (24pcs),0,15,0,"0,00%"
,,24 Packs - Tropicana Slim Oat Drink Japanese Cantaloupe Melon 190 ml,198.900,10,1,"10,00%"
,,4 Packs - Tropicana Slim Collagen Shot Peach Blossom 190ml (4pcs),332.000,20,10,"50,00%"
,,HiLo Active Chocolate 1000gr,145.000,30,1,"3,33%"
,,HiLo Active Vanilla 1000g - Susu Tinggi Kalsium Lebih Rendah Lemak,435.000,15,3,"20,00%"
,,HiLo Gold Chocolate 1000gr - Susu Tinggi Kalsium Rendah Lemak,311.000,15,2,"13,33%"
,,HiLo School Chocolate 1000gr - Susu Tinggi Kalsium,2.054.000,45,13,"28,89%"
,,HiLo School Chocolate 200ml - Ready to Drink (4 Pcs),146.000,15,5,"33,33%"
,,HiLo School Original 400gr - Susu Tinggi Kalsium Lebih Rendah Lemak,210.000,5,5,"100,00%"
,,HiLo Teen Chocolate 1000gr - Susu Tinggi Kalsium,3.726.000,40,23,"57,50%"
,,HiLo Teen Chocolate 200ml (24 Pack) -Susu Tinggi Kalsium,0,15,0,"0,00%"
,,HiLo Teen Chocolate 200ml (4 Pcs) - Ready to Drink,116.800,15,4,"26,67%"
,,HiLo Teen Vanilla Caramel 750gr - Susu Tinggi Kalsium,896.000,10,7,"70,00%"
,,Triple Pack: Tropicana Slim Cafe Latte (10 Sachet) - Sugar FREE,629.300,10,7,"70,00%"
,,Tropicana Slim Almond Drink 190ml (4 pcs) - Ready to Drink Cokelat,70.000,30,2,"6,67%"
,,Tropicana Slim Beras Porang Instan 1000gr,1.494.000,15,9,"60,00%"
,,Tropicana Slim Cafe Latte (10 sch) - Kopi Bebas Gula,976.000,45,32,"71,11%"
,,Tropicana Slim Classic 100 sachet,810.000,30,10,"33,33%"
,,Tropicana Slim Gula Jawa 350ml - Bebas Gula,0,15,0,"0,00%"
,,Tropicana Slim Kecap Manis 200ml - Bebas Gula Rendah Garam,541.500,30,19,"63,33%"
,,Tropicana Slim Minyak Kanola 946ml - Pure Canola Oil,233.100,30,3,"10,00%"
,,Tropicana Slim Peanut Almond Butter Spread 300gr ��� Selai Tanpa Gula,201.000,15,3,"20,00%"
,,Tropicana Slim Sirup Cocopandan - Sirup Bebas Gula,67.000,15,2,"13,33%"
,,Tropicana Slim Skim Milk Chocolate 500gr - Susu Turunkan Kolesterol,116.000,10,1,"10,00%"
,,Tropicana Slim Strawberry jam,228.000,15,3,"20,00%"
,,Tropicana Slim Sweetener DIABTX (100 Sachet),249.900,15,3,"20,00%"
,,Tropicana Slim Sweetener Stevia 100 Sch - Pemanis Alami,3.640.500,45,45,"100,00%"
,,Tropicana Slim Topping Kental Manis - Sugar FREE,0,15,0,"0,00%"
,,Twin Pack - HiLo Teen Vanilla Caramel 1000 gram - Susu Tinggi Kalsium,0,10,0,"0,00%"
,,Twin Pack - L-Men Protein Bar Strongberry 12 Sachet - Tinggi Protein,193.800,30,1,"3,33%"
,,Twin Pack - Tropicana Slim Beras Merah Organik 1 KG - Lebih Pulen,146.600,5,2,"40,00%"
,2024-07-13 Total,,18.167.400,630,216,"34,29%"
,2024-07-14,12 Pack - Tropicana Slim Oat Drink 190 ml (RTD) - Minuman Bebas Gula,195.000,15,2,"13,33%"
,,12 Packs - Tropicana Slim Almond Drink 190ml- Ready to Drink Cokelat,0,15,0,"0,00%"
,,24 Packs - Tropicana Slim Collagen Shot Peach Blossom 190ml (24pcs),0,15,0,"0,00%"
,,Buy 4 Get 1 FREE: Tropicana Slim Shirataki Noodles (71gr),396.400,15,4,"26,67%"
,,HiLo Platinum Original 360gr (12 Sch) - Susu Tinggi Kalsium,815.500,15,7,"46,67%"
,,HiLo Platinum Swiss Chocolate (12 Sachet) - Susu Tinggi Kalsium,410.000,15,4,"26,67%"
,,HiLo School Vanilla 1000g - Susu Tinggi Kalsium,0,15,0,"0,00%"
,,HiLo School Vanilla Vegiberi 200ml - Ready to Drink (4 Pcs),0,15,0,"0,00%"
,,HiLo Teen Coffee Tiramisu 200ml (4 Pcs) - Ready to Drink,29.200,15,1,"6,67%"
,,L-Men Gain Mass Chocolate 500 gr,451.500,15,3,"20,00%"
,,L-Men Hi Protein 2 Go Chocolate (24 pcs) - 12gr Protein / Serving,0,15,0,"0,00%"
,,L-Men Hi Protein Whey Advanced Cappuccino 250gr,0,11,0,"0,00%"
,,L-Men Isopower Stargizing 30 Sch - Creatine & Vitamin B Rasa Starfruit,108.800,15,1,"6,67%"
,,L-Men Platinum Vanilla Caramel 800g - Suplemen Olahraga Tinggi Protein,366.000,15,1,"6,67%"
,,NutriSari 4 Rasa Local Package (40 Sch),199.600,10,4,"40,00%"
,,NutriSari Jeruk Nipis (40 Sch),149.700,15,3,"20,00%"
,,Triple Pack: Tropicana Slim White Coffee - Kopi Bebas Gula,180.000,15,3,"20,00%"
,,Tropicana Slim 7 Fruits Fiber Daily 12 Sachet,108.300,5,1,"20,00%"
,,Tropicana Slim Avocado Coffee (10 Sch) - Tanpa Gula Pasir,0,15,0,"0,00%"
,,Tropicana Slim Beras Merah Organik 1 KG  - Beras Merah Pulen,110.400,10,3,"30,00%"
,,Tropicana Slim Cafe Latte (10 sch) - Kopi Bebas Gula,457.500,30,15,"50,00%"
,,Tropicana Slim Classic (50 sch) - Pengganti Gula,382.500,30,9,"30,00%"
,,Tropicana Slim Cookies Package (3 Box @5 Sachet),93.200,12,1,"8,33%"
,,Tropicana Slim Cookies Package 4 Varian (@5 Sch),97.600,30,1,"3,33%"
,,Tropicana Slim Mayonnaise Roasted Sesame 200gr,260.000,10,10,"100,00%"
,,Tropicana Slim Mint Cocoa (10 Sch) - Minuman Cokelat Bebas Gula,150.400,20,4,"20,00%"
,,Tropicana Slim Minyak Jagung 946ml (Botol),0,15,0,"0,00%"
,,Tropicana Slim Oat Drink 190ml (4 pcs) - Ready to Drink,26.700,10,1,"10,00%"
,,Tropicana Slim Sirup Leci - Sirup Bebas Gula,33.500,15,1,"6,67%"
,,Tropicana Slim Sirup Orange - Sirup Bebas Gula,33.500,15,1,"6,67%"
,,Tropicana Slim Skim Milk Fiber Pro 500gr - Susu Turunkan Kolesterol,0,15,0,"0,00%"
,,Tropicana Slim Susu Low Fat Macchiato Coffee 500gr - Susu Rendah Lemak,338.000,15,4,"26,67%"
,,Twin Pack - HiLo Platinum + HMB 8 Sachet - Susu Tinggi Protein,0,15,0,"0,00%"
,,Twin Pack - HiLo Teen Original 400 gram - Susu Tinggi Kalsium,0,13,0,"0,00%"
,,Twin Pack: Tropicana Slim Classic 50 Sch - Pengganti Gula,0,15,0,"0,00%"
,,Twin Pack: Tropicana Slim Extra Virgin Olive Oil 500ml,0,15,0,"0,00%"
,,Twin Pack: Tropicana Slim Non Fat Skim Milk Fitosterol Coffee 500gr,0,15,0,"0,00%"
,,Twin Pack: Tropicana Slim Strawberry Jam 375gr - Selai Bebas Gula,0,15,0,"0,00%"
,2024-07-14 Total,,5.393.300,581,84,"14,46%"
,2024-07-15,4 Packs - Tropicana Slim Collagen Shot Peach Blossom 190ml (4pcs),0,10,0,"0,00%"
,,HiLo Platinum Original 360gr (12 Sch) - Susu Tinggi Kalsium,0,30,0,"0,00%"
,,HiLo School Chocolate 200ml - Ready to Drink (4 Pcs),175.200,15,6,"40,00%"
,,HiLo School Strawberry 10 Sch - Susu Tinggi Kalsium Lebih Rendah Lemak,36.000,15,1,"6,67%"
,,HiLo Teen Chocolate 200ml (4 Pcs) - Ready to Drink,0,15,0,"0,00%"
,,HiLo Teen Chocolate 500gr - Susu Tinggi Kalsium,528.000,10,6,"60,00%"
,,HiLo Teen HI PROTEIN Melon 400 g ��� Susu Kalsium Remaja Tinggi Protein,0,15,0,"0,00%"
,,HiLo Teen Vanilla Caramel 500gr - Susu Tinggi Kalsium,0,15,0,"0,00%"
,,L-Men Gain Mass Taro 500gr - Suplemen Olahraga Tinggi Whey Protein,0,15,0,"0,00%"
,,L-Men Hi Protein 2 Go Chocolate (4 pcs) - 12gr Protein / Serving,0,15,0,"0,00%"
,,L-Men Plant Protein Ogura 216gr,945.000,15,15,"100,00%"
,,NutriSari Jeruk Peras Refill 500gr,585.000,15,15,"100,00%"
,,NutriSari Nostalgia Jeruk Manis Pitcher 300g- NutriSari Botol Kaca,0,15,0,"0,00%"
,,Triple Pack: HiLo School Chocolate 10 Sachet - Susu Tinggi Kalsium,439.800,15,3,"20,00%"
,,Triple Pack: HiLo School Vanilla 10 Sachet - Susu Tinggi Kalsium,293.200,15,2,"13,33%"
,,Tropicana Slim 7 Fruits Fiber Daily 12 Sachet,0,15,0,"0,00%"
,,Tropicana Slim Almond Drink 190ml (4 pcs) - Ready to Drink Cokelat,175.000,15,5,"33,33%"
,,Tropicana Slim Classic 100 sachet,648.000,15,8,"53,33%"
,,Tropicana Slim Gula Jawa 350ml - Bebas Gula,323.000,15,5,"33,33%"
,,Tropicana Slim Low Fat Milk Korean Strawberry 500gr ��� Susu Kolagen,261.000,15,3,"20,00%"
,,Tropicana Slim Nutty Chocolate Cookies 200gr - Snack Bebas Gula,48.000,15,1,"6,67%"
,,Tropicana Slim Oat Drink 190ml (24 pcs) - Ready to Drink,0,14,0,"0,00%"
,,Tropicana Slim Peanut Almond Butter Spread 300gr ��� Selai Tanpa Gula,67.000,15,1,"6,67%"
,,Tropicana Slim Shirataki Rice 72gr - Nasi Uduk,0,15,0,"0,00%"
,,Tropicana Slim Sirup Cocopandan - Sirup Bebas Gula,134.000,15,4,"26,67%"
,,Tropicana Slim Sirup Orange - Sirup Bebas Gula,67.000,30,2,"6,67%"
,,Tropicana Slim Strawberry jam,76.000,15,1,"6,67%"
,,Tropicana Slim Susu Low Fat Macchiato Coffee 500gr - Susu Rendah Lemak,253.500,15,3,"20,00%"
,,Tropicana Slim Sweetener Gula Aren (50 Sch),225.000,5,5,"100,00%"
,,Tropicana Slim Sweetener Stevia 100 Sch - Pemanis Alami,1.213.500,15,15,"100,00%"
,,Twin Pack - HiLo Platinum + HMB 8 Sachet - Susu Tinggi Protein,254.000,29,1,"3,45%"
,,Twin Pack - W'Dank Sereh Jahe Nipis (10 Sch) - Tinggi Vitamin C & D,0,15,0,"0,00%"
,,Twin Pack NutriSari Nostalgia Jeruk Manis Pitcher 300g - Botol Kaca,0,15,0,"0,00%"
,,Twin Pack: Tropicana Slim Kecap Manis 200ml,395.500,15,7,"46,67%"
,,Twin Pack: Tropicana Slim Non Fat Skim Milk Fitosterol Coffee 500gr,0,15,0,"0,00%"
,,Twin Pack: Tropicana Slim Sirup Cocopandan 750ml,64.900,5,1,"20,00%"
,2024-07-15 Total,,7.207.600,553,110,"19,89%"
,2024-07-16,HiLo Teen Coffee Tiramisu 200ml (4 Pcs) - Ready to Drink,0,13,0,"0,00%"
,,HiLo Teen Strawberry Milkshake 500gr - Susu Tinggi Kalsium,88.000,5,1,"20,00%"
,,L-Men Gain Mass Chocolate 500 gr,451.500,44,3,"6,82%"
,,L-Men Hi Protein 2 Go Chocolate (24 pcs) - 12gr Protein / Serving,303.000,15,1,"6,67%"
,,NutriSari 4 Rasa Local Package (40 Sch),49.900,10,1,"10,00%"
,,NutriSari American Sweet Orange (40 Sch),149.700,15,3,"20,00%"
,,NutriSari Jeruk peras (40 Sch),249.500,5,5,"100,00%"
,,Tropicana Slim Avocado Coffee (10 Sch) - Tanpa Gula Pasir,34.800,15,1,"6,67%"
,,Tropicana Slim Beras Merah Organik 1 KG  - Beras Merah Pulen,331.200,10,9,"90,00%"
,,Tropicana Slim Cafe Latte (10 sch) - Kopi Bebas Gula,610.000,30,20,"66,67%"
,,Tropicana Slim Classic (50 sch) - Pengganti Gula,212.500,30,5,"16,67%"
,,Tropicana Slim Mayonnaise Roasted Sesame 200gr,312.000,20,12,"60,00%"
,,Tropicana Slim Mint Cocoa (10 Sch) - Minuman Cokelat Bebas Gula,488.800,20,13,"65,00%"
,,Tropicana Slim Sirup Leci - Sirup Bebas Gula,0,30,0,"0,00%"
,,Tropicana Slim Topping Kental Manis - Sugar FREE,208.800,30,6,"20,00%"
,,Twin Pack: HiLo Gold Original (Plain) 1000gr - Susu Tinggi Kalsium,0,15,0,"0,00%"
,,Twin Pack: HiLo School Vanilla 1000gr - Susu Tinggi Kalsium,0,15,0,"0,00%"
,,Twin Pack: HiLo Teen Chocolate 1000gr - Susu Tinggi Kalsium,0,13,0,"0,00%"
,,Twin Pack: Tropicana Slim Classic 50 Sch - Pengganti Gula,85.500,15,1,"6,67%"
,2024-07-16 Total,,3.575.200,350,81,"23,14%"
,2024-07-17,12 Packs - Tropicana Slim Almond Drink 190ml- Ready to Drink Cokelat,416.000,30,4,"13,33%"
,,24 Packs - Tropicana Slim Collagen Shot Peach Blossom 190ml (24pcs),0,15,0,"0,00%"
,,4 Packs - Tropicana Slim Collagen Shot Peach Blossom 190ml (4pcs),99.600,15,3,"20,00%"
,,HiLo Platinum Swiss Chocolate (12 Sachet) - Susu Tinggi Kalsium,615.000,15,6,"40,00%"
,,HiLo School Chocolate 200ml - Ready to Drink (4 Pcs),29.200,10,1,"10,00%"
,,HiLo School Strawberry 10 Sch - Susu Tinggi Kalsium Lebih Rendah Lemak,216.000,15,6,"40,00%"
,,HiLo School Vanilla 1000g - Susu Tinggi Kalsium,1.264.000,15,8,"53,33%"
,,HiLo Teen Chocolate 500gr - Susu Tinggi Kalsium,880.000,10,10,"100,00%"
,,L-Men Gain Mass Taro 500gr - Suplemen Olahraga Tinggi Whey Protein,0,5,0,"0,00%"
,,L-Men Hi Protein 2 Go Chocolate (24 pcs) - 12gr Protein / Serving,0,15,0,"0,00%"
,,L-Men Hi Protein 2 Go Chocolate (4 pcs) - 12gr Protein / Serving,0,15,0,"0,00%"
,,L-Men Platinum Vanilla Caramel 800g - Suplemen Olahraga Tinggi Protein,0,15,0,"0,00%"
,,NutriSari 4 Rasa Local Package (40 Sch),499.000,10,10,"100,00%"
,,NutriSari Jeruk Peras Refill 500gr,156.000,15,4,"26,67%"
,,Triple Pack: HiLo School Chocolate 10 Sachet - Susu Tinggi Kalsium,586.400,15,4,"26,67%"
,,Triple Pack: HiLo School Vanilla 10 Sachet - Susu Tinggi Kalsium,0,15,0,"0,00%"
,,Tropicana Slim Almond Drink 190ml (4 pcs) - Ready to Drink Cokelat,70.000,10,2,"20,00%"
,,Tropicana Slim Beras Merah Organik 1 KG  - Beras Merah Pulen,368.000,10,10,"100,00%"
,,Tropicana Slim Cafe Latte (10 sch) - Kopi Bebas Gula,762.500,30,25,"83,33%"
,,Tropicana Slim Classic (50 sch) - Pengganti Gula,127.500,30,3,"10,00%"
,,Tropicana Slim Collagen Drink Strawberry 200g - Kolagen Bebas Gula,905.000,15,5,"33,33%"
,,Tropicana Slim Cookies Package 4 Varian (@5 Sch),878.400,30,9,"30,00%"
,,Tropicana Slim Low Fat Milk Korean Strawberry 500gr ��� Susu Kolagen,87.000,15,1,"6,67%"
,,Tropicana Slim Mayonnaise Roasted Sesame 200gr,286.000,20,11,"55,00%"
,,Tropicana Slim Mint Cocoa (10 Sch) - Minuman Cokelat Bebas Gula,338.400,20,9,"45,00%"
,,Tropicana Slim Oat Drink 190ml (24 pcs) - Ready to Drink,0,15,0,"0,00%"
,,Tropicana Slim Oat Drink 190ml (4 pcs) - Ready to Drink,801.000,30,30,"100,00%"
,,Tropicana Slim Sirup Leci - Sirup Bebas Gula,67.000,30,2,"6,67%"
,,Tropicana Slim Skim Milk Fiber Pro 500gr - Susu Turunkan Kolesterol,0,15,0,"0,00%"
,,Tropicana Slim Sweetener Stevia 100 Sch - Pemanis Alami,1.213.500,15,15,"100,00%"
,,Twin Pack - HiLo Platinum + HMB 8 Sachet - Susu Tinggi Protein,0,15,0,"0,00%"
,,Twin Pack - HiLo Teen Original 400 gram - Susu Tinggi Kalsium,0,13,0,"0,00%"
,,Twin Pack - Tropicana Slim Salted Caramel Cocoa 10 Sachet (2pcs),64.000,15,1,"6,67%"
,,Twin Pack - W'Dank Sereh Jahe Nipis (10 Sch) - Tinggi Vitamin C & D,27.800,15,1,"6,67%"
,,Twin Pack: HiLo Gold Original (Plain) 1000gr - Susu Tinggi Kalsium,930.000,15,3,"20,00%"
,,Twin Pack: HiLo Teen Chocolate 1000gr - Susu Tinggi Kalsium,1.932.000,11,6,"54,55%"
,,Twin Pack: Tropicana Slim Beras Porang Instan 1000gr,3.150.000,15,15,"100,00%"
,,Twin Pack: Tropicana Slim Extra Virgin Olive Oil 500ml,0,5,0,"0,00%"
,,Twin Pack: Tropicana Slim Hokkaido Cheese Cookies (5 Sch) - Sugar FREE,136.500,15,3,"20,00%"
,,Twin Pack: Tropicana Slim Non Fat Skim Milk Fitosterol Coffee 500gr,0,15,0,"0,00%"
,,Twin Pack: Tropicana Slim Sirup Cocopandan 750ml,0,15,0,"0,00%"
,2024-07-17 Total,,16.905.800,664,207,"31,17%"
,2024-07-18,24 Packs - Tropicana Slim Oat Drink Japanese Cantaloupe Melon 190 ml,198.900,24,1,"4,17%"
,,4 Packs - Tropicana Slim Collagen Shot Peach Blossom 190ml (4pcs),33.200,30,1,"3,33%"
,,HiLo Active Chocolate 1000gr,2.030.000,24,14,"58,33%"
,,HiLo Gold Chocolate 1000gr - Susu Tinggi Kalsium Rendah Lemak,622.000,15,4,"26,67%"
,,HiLo School Chocolate 1000gr - Susu Tinggi Kalsium,2.844.000,24,18,"75,00%"
,,HiLo School Chocolate 200ml (24 Pack) - Susu Tinggi Kalsium,0,15,0,"0,00%"
,,HiLo Teen Chocolate 1000gr - Susu Tinggi Kalsium,1.944.000,24,12,"50,00%"
,,HiLo Teen Vanilla Caramel 1000 gram - Susu Tinggi Kalsium,2.754.000,30,17,"56,67%"
,,L-Men Platinum Basic Whey Protein Unflavoured 800gr - 25g Whey Protein,560.000,12,2,"16,67%"
,,L-Men Protein Bar Crunchy Chocolate 12 Sch (7g protein / serving),211.000,12,2,"16,67%"
,,L-Men Protein Bar Strongberry 12 Sachet - Snack Bar Tinggi Protein,115.500,12,1,"8,33%"
,,Tropicana Slim Beras Porang Instan 1000gr,937.200,12,6,"50,00%"
,,Tropicana Slim Cafe Latte (10 sch) - Kopi Bebas Gula,1.098.000,45,36,"80,00%"
,,Tropicana Slim Classic (50 sch) - Pengganti Gula,297.500,24,7,"29,17%"
,,Tropicana Slim Classic 100 sachet,567.000,24,7,"29,17%"
,,Tropicana Slim DIABTX (50 sch) - Pengganti Gula Diabetesi,802.800,24,18,"75,00%"
,,Tropicana Slim Extra Virgin Olive Oil 500ml,1.963.500,36,17,"47,22%"
,,Tropicana Slim Kecap Manis 200ml - Bebas Gula Rendah Garam,399.000,30,14,"46,67%"
,,Tropicana Slim Minyak Kanola 946ml - Pure Canola Oil,854.700,45,11,"24,44%"
,,Tropicana Slim Nutty Chocolate Cookies 200gr - Snack Bebas Gula,0,12,0,"0,00%"
,,Tropicana Slim Sirup Cocopandan - Sirup Bebas Gula,268.000,36,8,"22,22%"
,,Tropicana Slim Sweet Orange 10 Sch - Minuman Jeruk Bebas Gula,151.200,24,7,"29,17%"
,,Tropicana Slim Sweetener Gula Aren (50 Sch),405.000,10,9,"90,00%"
,,Tropicana Slim Topping Kental Manis - Sugar FREE,522.000,24,15,"62,50%"
,,Twin Pack - HiLo Teen Vanilla Caramel 1000 gram - Susu Tinggi Kalsium,0,10,0,"0,00%"
,,Twin Pack Tropicana Slim Diabtx 100 Sch - Pengganti Gula Diabetesi,1.154.300,12,7,"58,33%"
,2024-07-18 Total,,20.732.800,590,234,"39,66%"
,2024-07-19,24 Packs - Tropicana Slim Oat Drink Japanese Cantaloupe Melon 190 ml,198.900,24,1,"4,17%"
,,4 Packs - Tropicana Slim Collagen Shot Peach Blossom 190ml (4pcs),166.000,30,5,"16,67%"
,,HiLo Active Chocolate 1000gr,1.885.000,24,13,"54,17%"
,,HiLo Gold Chocolate 1000gr - Susu Tinggi Kalsium Rendah Lemak,155.500,15,1,"6,67%"
,,HiLo School Chocolate 1000gr - Susu Tinggi Kalsium,2.528.000,24,16,"66,67%"
,,HiLo School Chocolate 200ml (24 Pack) - Susu Tinggi Kalsium,0,15,0,"0,00%"
,,HiLo Teen Chocolate 1000gr - Susu Tinggi Kalsium,4.050.000,24,25,"104,17%"
,,HiLo Teen Vanilla Caramel 1000 gram - Susu Tinggi Kalsium,2.754.000,30,17,"56,67%"
,,L-Men Platinum Basic Whey Protein Unflavoured 800gr - 25g Whey Protein,1.400.000,12,5,"41,67%"
,,L-Men Protein Bar Crunchy Chocolate 12 Sch (7g protein / serving),211.000,12,2,"16,67%"
,,L-Men Protein Bar Strongberry 12 Sachet - Snack Bar Tinggi Protein,115.500,12,1,"8,33%"
,,Tropicana Slim Beras Porang Instan 1000gr,312.400,12,2,"16,67%"
,,Tropicana Slim Cafe Latte (10 sch) - Kopi Bebas Gula,1.372.500,45,45,"100,00%"
,,Tropicana Slim Classic (50 sch) - Pengganti Gula,935.000,24,22,"91,67%"
,,Tropicana Slim Classic 100 sachet,810.000,24,10,"41,67%"
,,Tropicana Slim DIABTX (50 sch) - Pengganti Gula Diabetesi,446.000,24,10,"41,67%"
,,Tropicana Slim Extra Virgin Olive Oil 500ml,3.234.000,36,28,"77,78%"
,,Tropicana Slim Kecap Manis 200ml - Bebas Gula Rendah Garam,826.500,30,29,"96,67%"
,,Tropicana Slim Minyak Kanola 946ml - Pure Canola Oil,388.500,45,5,"11,11%"
,,Tropicana Slim Nutty Chocolate Cookies 200gr - Snack Bebas Gula,144.000,12,3,"25,00%"
,,Tropicana Slim Sirup Cocopandan - Sirup Bebas Gula,435.500,36,13,"36,11%"
,,Tropicana Slim Sweet Orange 10 Sch - Minuman Jeruk Bebas Gula,64.800,24,3,"12,50%"
,,Tropicana Slim Sweetener Gula Aren (50 Sch),270.000,10,6,"60,00%"
,,Tropicana Slim Topping Kental Manis - Sugar FREE,313.200,24,9,"37,50%"
,,Twin Pack - HiLo Teen Vanilla Caramel 1000 gram - Susu Tinggi Kalsium,652.000,10,2,"20,00%"
,,Twin Pack Tropicana Slim Diabtx 100 Sch - Pengganti Gula Diabetesi,659.600,12,4,"33,33%"
,2024-07-19 Total,,24.327.900,590,277,"46,95%"
,2024-07-20,24 Packs - Tropicana Slim Oat Drink Japanese Cantaloupe Melon 190 ml,0,24,0,"0,00%"
,,4 Packs - Tropicana Slim Collagen Shot Peach Blossom 190ml (4pcs),398.400,30,12,"40,00%"
,,HiLo Active Chocolate 1000gr,1.450.000,24,10,"41,67%"
,,HiLo Gold Chocolate 1000gr - Susu Tinggi Kalsium Rendah Lemak,466.500,15,3,"20,00%"
,,HiLo School Chocolate 1000gr - Susu Tinggi Kalsium,158.000,24,1,"4,17%"
,,HiLo School Chocolate 200ml (24 Pack) - Susu Tinggi Kalsium,171.000,15,1,"6,67%"
,,HiLo Teen Chocolate 1000gr - Susu Tinggi Kalsium,1.782.000,24,11,"45,83%"
,,HiLo Teen Vanilla Caramel 1000 gram - Susu Tinggi Kalsium,2.106.000,30,13,"43,33%"
,,L-Men Platinum Basic Whey Protein Unflavoured 800gr - 25g Whey Protein,280.000,12,1,"8,33%"
,,L-Men Protein Bar Crunchy Chocolate 12 Sch (7g protein / serving),316.500,12,3,"25,00%"
,,L-Men Protein Bar Strongberry 12 Sachet - Snack Bar Tinggi Protein,0,12,0,"0,00%"
,,Tropicana Slim Beras Porang Instan 1000gr,624.800,12,4,"33,33%"
,,Tropicana Slim Cafe Latte (10 sch) - Kopi Bebas Gula,732.000,45,24,"53,33%"
,,Tropicana Slim Classic (50 sch) - Pengganti Gula,297.500,24,7,"29,17%"
,,Tropicana Slim Classic 100 sachet,324.000,24,4,"16,67%"
,,Tropicana Slim DIABTX (50 sch) - Pengganti Gula Diabetesi,579.800,24,13,"54,17%"
,,Tropicana Slim Extra Virgin Olive Oil 500ml,2.310.000,36,20,"55,56%"
,,Tropicana Slim Kecap Manis 200ml - Bebas Gula Rendah Garam,285.000,30,10,"33,33%"
,,Tropicana Slim Minyak Kanola 946ml - Pure Canola Oil,543.900,45,7,"15,56%"
,,Tropicana Slim Nutty Chocolate Cookies 200gr - Snack Bebas Gula,144.000,12,3,"25,00%"
,,Tropicana Slim Sirup Cocopandan - Sirup Bebas Gula,402.000,36,12,"33,33%"
,,Tropicana Slim Sweet Orange 10 Sch - Minuman Jeruk Bebas Gula,194.400,24,9,"37,50%"
,,Tropicana Slim Sweetener Gula Aren (50 Sch),315.000,10,7,"70,00%"
,,Tropicana Slim Topping Kental Manis - Sugar FREE,34.800,24,1,"4,17%"
,,Twin Pack - HiLo Teen Vanilla Caramel 1000 gram - Susu Tinggi Kalsium,0,10,0,"0,00%"
,,Twin Pack Tropicana Slim Diabtx 100 Sch - Pengganti Gula Diabetesi,494.700,11,3,"27,27%"
,2024-07-20 Total,,14.410.300,589,179,"30,39%"
,2024-07-21,24 Packs - Tropicana Slim Collagen Shot Peach Blossom 190ml (24pcs),0,15,0,"0,00%"
,,24 Packs - Tropicana Slim Oat Drink Japanese Cantaloupe Melon 190 ml,0,12,0,"0,00%"
,,24 Pcs- HiLo Protein Chocofit UHT 190 mL ���Susu Cokelat dengan Collagen,293.300,12,1,"8,33%"
,,4 Packs - Tropicana Slim Collagen Shot Peach Blossom 190ml (4pcs),132.800,24,4,"16,67%"
,,HiLo Active Chocolate 1000gr,145.000,12,1,"8,33%"
,,HiLo Platinum Swiss Chocolate (12 Sachet) - Susu Tinggi Kalsium,615.000,12,6,"50,00%"
,,HiLo School Chocolate 1000gr - Susu Tinggi Kalsium,474.000,15,3,"20,00%"
,,HiLo Teen Chocolate 1000gr - Susu Tinggi Kalsium,1.296.000,15,8,"53,33%"
,,HiLo Teen Chocolate 200ml (24 Pack) -Susu Tinggi Kalsium,342.000,10,2,"20,00%"
,,HiLo Teen Chocolate 500gr - Susu Tinggi Kalsium,352.000,12,4,"33,33%"
,,HiLo Teen Chocolate 500gr & Original 400gr - Susu Tinggi Kalsium,0,12,0,"0,00%"
,,HiLo Teen Vanilla Caramel 1000 gram - Susu Tinggi Kalsium,1.134.000,15,7,"46,67%"
,,HiLo Teen Vanilla Caramel 750gr - Susu Tinggi Kalsium,384.000,12,3,"25,00%"
,,L-Men Gain Mass Chocolate 800g - 22g Whey Protein - 10 Serving ,676.800,15,4,"26,67%"
,,L-Men Protein Bar Strongberry 12 Sachet - Snack Bar Tinggi Protein,0,12,0,"0,00%"
,,NutriSari Jeruk Peras Refill 500gr,156.000,12,4,"33,33%"
,,NutriSari Sweet Mango (40 Sch),49.900,12,1,"8,33%"
,,Triple Pack: HiLo School Vanilla 10 Sachet - Susu Tinggi Kalsium,0,12,0,"0,00%"
,,Triple Pack: Tropicana Slim Cafe Latte (10 Sachet) - Sugar FREE,269.700,12,3,"25,00%"
,,Tropicana Slim Beras Porang Instan 1000gr,312.400,15,2,"13,33%"
,,Tropicana Slim Cafe Latte (10 sch) - Kopi Bebas Gula,244.000,12,8,"66,67%"
,,Tropicana Slim Collagen Drink Strawberry 200g - Kolagen Bebas Gula,0,12,0,"0,00%"
,,Tropicana Slim Extra Virgin Olive Oil 500ml,1.270.500,15,11,"73,33%"
,,Tropicana Slim Hokkaido Cheese Cookies (5 Sch) - Snack Bebas Gula,100.000,30,4,"13,33%"
,,Tropicana Slim Kecap Manis 200ml - Bebas Gula Rendah Garam,114.000,24,4,"16,67%"
,,Tropicana Slim Klepon Cookies (5 Sch) - Snack Bebas Gula,100.000,12,4,"33,33%"
,,Tropicana Slim Korean Garlic Butter Cookies (5 Sch) - Snack Bebas Gula,0,12,0,"0,00%"
,,Tropicana Slim Minyak Kanola 946ml - Pure Canola Oil,543.900,24,7,"29,17%"
,,Tropicana Slim Peanut Almond Butter Spread 300gr ��� Selai Tanpa Gula,201.000,10,3,"30,00%"
,,Tropicana Slim Saus Tiram 200ml - Bebas Gula Rendah Garam,33.300,12,1,"8,33%"
,,Tropicana Slim Sweetener DIABTX (100 Sachet),83.300,12,1,"8,33%"
,,Tropicana Slim Topping Kental Manis - Sugar FREE,139.200,12,4,"33,33%"
,,Tropicana Slim White Coffee - Kopi Bebas Gula,244.800,36,12,"33,33%"
,,Twin Pack - HiLo Teen Vanilla Caramel 1000 gram - Susu Tinggi Kalsium,326.000,15,1,"6,67%"
,,Twin Pack: L-Men Protein Bar Crunchy Chocolate 12 Sch (7g protein),2.040.000,12,12,"100,00%"
,,Twin Pack: Tropicana Slim Minyak Kanola 946ml - Pure Canola Oil,1.824.000,12,12,"100,00%"
,2024-07-21 Total,,13.896.900,530,137,"25,85%"
,2024-07-22,24 Packs - Tropicana Slim Collagen Shot Peach Blossom 190ml (24pcs),0,15,0,"0,00%"
,,24 Packs - Tropicana Slim Oat Drink Japanese Cantaloupe Melon 190 ml,0,12,0,"0,00%"
,,24 Pcs- HiLo Protein Chocofit UHT 190 mL ���Susu Cokelat dengan Collagen,0,12,0,"0,00%"
,,4 Packs - Tropicana Slim Collagen Shot Peach Blossom 190ml (4pcs),33.200,24,1,"4,17%"
,,HiLo Active Chocolate 1000gr,0,12,0,"0,00%"
,,HiLo Choco Malt Hi Calcium 10 Sch ��� Malt Cokelat Susu Berenergi Tinggi,179.300,12,11,"91,67%"
,,HiLo Platinum Swiss Chocolate (12 Sachet) - Susu Tinggi Kalsium,615.000,12,6,"50,00%"
,,HiLo School Chocolate 1000gr - Susu Tinggi Kalsium,474.000,15,3,"20,00%"
,,HiLo Teen Chocolate 1000gr - Susu Tinggi Kalsium,1.296.000,15,8,"53,33%"
,,HiLo Teen Chocolate 200ml (24 Pack) -Susu Tinggi Kalsium,342.000,10,2,"20,00%"
,,HiLo Teen Chocolate 500gr - Susu Tinggi Kalsium,264.000,12,3,"25,00%"
,,HiLo Teen Vanilla Caramel 1000 gram - Susu Tinggi Kalsium,486.000,15,3,"20,00%"
,,HiLo Teen Vanilla Caramel 750gr - Susu Tinggi Kalsium,256.000,12,2,"16,67%"
,,HiLo Thai Tea (10 Sch),216.000,12,12,"100,00%"
,,L-Men Gain Mass Chocolate 800g - 22g Whey Protein - 10 Serving ,169.200,15,1,"6,67%"
,,L-Men Protein Bar Strongberry 12 Sachet - Snack Bar Tinggi Protein,0,12,0,"0,00%"
,,NutriSari Jeruk Peras Refill 500gr,39.000,12,1,"8,33%"
,,NutriSari Premium Jus Mangga 10 Sachet - Jus Kental Manis (JKM),125.300,30,7,"23,33%"
,,NutriSari Sweet Mango (40 Sch),0,12,0,"0,00%"
,,Triple Pack: HiLo School Vanilla 10 Sachet - Susu Tinggi Kalsium,0,12,0,"0,00%"
,,Triple Pack: Tropicana Slim Cafe Latte (10 Sachet) - Sugar FREE,449.500,12,5,"41,67%"
,,Tropicana Slim Beras Porang Instan 1000gr,1.874.400,15,12,"80,00%"
,,Tropicana Slim Cafe Latte (10 sch) - Kopi Bebas Gula,244.000,12,8,"66,67%"
,,Tropicana Slim Collagen Drink Strawberry 200g - Kolagen Bebas Gula,0,12,0,"0,00%"
,,Tropicana Slim Extra Virgin Olive Oil 500ml,1.617.000,15,14,"93,33%"
,,Tropicana Slim Hokkaido Cheese Cookies (5 Sch) - Snack Bebas Gula,175.000,30,7,"23,33%"
,,Tropicana Slim Kecap Manis 200ml - Bebas Gula Rendah Garam,228.000,24,8,"33,33%"
,,Tropicana Slim Klepon Cookies (5 Sch) - Snack Bebas Gula,75.000,12,3,"25,00%"
,,Tropicana Slim Korean Garlic Butter Cookies (5 Sch) - Snack Bebas Gula,25.000,12,1,"8,33%"
,,Tropicana Slim Minyak Kanola 946ml - Pure Canola Oil,543.900,24,7,"29,17%"
,,Tropicana Slim Peanut Almond Butter Spread 300gr ��� Selai Tanpa Gula,670.000,10,10,"100,00%"
,,Tropicana Slim Santan (5 sachet/pc),0,12,0,"0,00%"
,,Tropicana Slim Saus Tiram 200ml - Bebas Gula Rendah Garam,133.200,12,4,"33,33%"
,,Tropicana Slim Sweetener DIABTX (100 Sachet),249.900,12,3,"25,00%"
,,Tropicana Slim Topping Kental Manis - Sugar FREE,104.400,12,3,"25,00%"
,,Tropicana Slim White Coffee - Kopi Bebas Gula,265.200,36,13,"36,11%"
,,Twin Pack - HiLo Teen Vanilla Caramel 1000 gram - Susu Tinggi Kalsium,0,15,0,"0,00%"
,,Twin Pack: L-Men Protein Bar Crunchy Chocolate 12 Sch (7g protein),2.040.000,12,12,"100,00%"
,,Twin Pack: Tropicana Slim Minyak Kanola 946ml - Pure Canola Oil,152.000,12,1,"8,33%"
,2024-07-22 Total,,13.341.500,584,171,"29,28%"
,2024-07-23,24 Packs - Tropicana Slim Collagen Shot Peach Blossom 190ml (24pcs),0,15,0,"0,00%"
,,24 Packs - Tropicana Slim Oat Drink Japanese Cantaloupe Melon 190 ml,0,12,0,"0,00%"
,,4 Packs - Tropicana Slim Collagen Shot Peach Blossom 190ml (4pcs),0,24,0,"0,00%"
,,HiLo Active Chocolate 1000gr,0,12,0,"0,00%"
,,HiLo Choco Malt Hi Calcium 10 Sch ��� Malt Cokelat Susu Berenergi Tinggi,0,12,0,"0,00%"
,,HiLo Platinum Swiss Chocolate (12 Sachet) - Susu Tinggi Kalsium,102.500,12,1,"8,33%"
,,HiLo School Chocolate 1000gr - Susu Tinggi Kalsium,0,15,0,"0,00%"
,,HiLo Teen Chocolate 1000gr - Susu Tinggi Kalsium,0,15,0,"0,00%"
,,HiLo Teen Chocolate 200ml (24 Pack) -Susu Tinggi Kalsium,855.000,10,5,"50,00%"
,,HiLo Teen Chocolate 500gr - Susu Tinggi Kalsium,88.000,12,1,"8,33%"
,,HiLo Teen Vanilla Caramel 1000 gram - Susu Tinggi Kalsium,972.000,15,6,"40,00%"
,,HiLo Teen Vanilla Caramel 750gr - Susu Tinggi Kalsium,512.000,12,4,"33,33%"
,,HiLo Thai Tea (10 Sch),0,12,0,"0,00%"
,,L-Men Gain Mass Chocolate 800g - 22g Whey Protein - 10 Serving ,169.200,15,1,"6,67%"
,,L-Men Protein Bar Strongberry 12 Sachet - Snack Bar Tinggi Protein,0,12,0,"0,00%"
,,NutriSari Jeruk Peras Refill 500gr,0,12,0,"0,00%"
,,NutriSari Premium Jus Mangga 10 Sachet - Jus Kental Manis (JKM),322.200,30,18,"60,00%"
,,NutriSari Sweet Mango (40 Sch),199.600,12,4,"33,33%"
,,Triple Pack: HiLo School Vanilla 10 Sachet - Susu Tinggi Kalsium,0,12,0,"0,00%"
,,Triple Pack: Tropicana Slim Cafe Latte (10 Sachet) - Sugar FREE,629.300,12,7,"58,33%"
,,Tropicana Slim Beras Porang Instan 1000gr,1.718.200,15,11,"73,33%"
,,Tropicana Slim Cafe Latte (10 sch) - Kopi Bebas Gula,0,12,0,"0,00%"
,,Tropicana Slim Collagen Drink Strawberry 200g - Kolagen Bebas Gula,0,12,0,"0,00%"
,,Tropicana Slim Extra Virgin Olive Oil 500ml,0,15,0,"0,00%"
,,Tropicana Slim Hokkaido Cheese Cookies (5 Sch) - Snack Bebas Gula,75.000,15,3,"20,00%"
,,Tropicana Slim Kecap Manis 200ml - Bebas Gula Rendah Garam,370.500,24,13,"54,17%"
,,Tropicana Slim Klepon Cookies (5 Sch) - Snack Bebas Gula,0,12,0,"0,00%"
,,Tropicana Slim Korean Garlic Butter Cookies (5 Sch) - Snack Bebas Gula,0,12,0,"0,00%"
,,Tropicana Slim Minyak Kanola 946ml - Pure Canola Oil,233.100,24,3,"12,50%"
,,Tropicana Slim Peanut Almond Butter Spread 300gr ��� Selai Tanpa Gula,0,10,0,"0,00%"
,,Tropicana Slim Santan (5 sachet/pc),18.300,12,1,"8,33%"
,,Tropicana Slim Saus Tiram 200ml - Bebas Gula Rendah Garam,99.900,12,3,"25,00%"
,,Tropicana Slim Sweetener DIABTX (100 Sachet),0,12,0,"0,00%"
,,Tropicana Slim Topping Kental Manis - Sugar FREE,0,12,0,"0,00%"
,,Tropicana Slim White Coffee - Kopi Bebas Gula,183.600,36,9,"25,00%"
,,Twin Pack - HiLo Teen Vanilla Caramel 1000 gram - Susu Tinggi Kalsium,0,15,0,"0,00%"
,,Twin Pack: L-Men Protein Bar Crunchy Chocolate 12 Sch (7g protein),0,12,0,"0,00%"
,,Twin Pack: Tropicana Slim Minyak Kanola 946ml - Pure Canola Oil,0,12,0,"0,00%"
,2024-07-23 Total,,6.548.400,557,90,"16,16%"
,2024-07-24,12 Pack - Tropicana Slim Oat Drink 190 ml (RTD) - Minuman Bebas Gula,195.000,10,2,"20,00%"
,,4 Packs - Tropicana Slim Collagen Shot Peach Blossom 190ml (4pcs),0,10,0,"0,00%"
,,HiLo Active Chocolate 1000gr,580.000,10,4,"40,00%"
,,HiLo Choco Malt Hi Calcium 10 Sch ��� Malt Cokelat Susu Berenergi Tinggi,195.600,12,12,"100,00%"
,,HiLo Platinum Swiss Chocolate (12 Sachet) - Susu Tinggi Kalsium,410.000,10,4,"40,00%"
,,HiLo School Vanilla 1000g - Susu Tinggi Kalsium,1.106.000,10,7,"70,00%"
,,HiLo Teen Chocolate 200ml (24 Pack) -Susu Tinggi Kalsium,684.000,10,4,"40,00%"
,,HiLo Thai Tea (10 Sch),0,12,0,"0,00%"
,,L-Men Platinum Choco Latte Box (6 Sch) - 25 gr Potein / Serving,0,10,0,"0,00%"
,,L-Men Protein Bar Strongberry 12 Sachet - Snack Bar Tinggi Protein,115.000,20,1,"5,00%"
,,L-Men Proteinmix Coffee (6 Sch) - 12gr Protein / Serving,62.000,10,1,"10,00%"
,,Lokalate Kopi Berondong 500gr - Tinggi Vitamin A Lebih Rendah Gula,0,5,0,"0,00%"
,,NutriSari 4 Rasa Summer Package (40 Sch),49.900,5,1,"20,00%"
,,NutriSari Blewah (40 Sch),0,10,0,"0,00%"
,,NutriSari Cocopandan (40 Sch),0,10,0,"0,00%"
,,NutriSari Es Cincau (40 Sch),149.700,10,3,"30,00%"
,,NutriSari Jeruk peras (40 Sch),49.900,5,1,"20,00%"
,,NutriSari Jeruk Peras 160 sachet - Minuman Buah Vitamin C,0,10,0,"0,00%"
,,NutriSari Jeruk Peras Refill 500gr,468.000,12,12,"100,00%"
,,NutriSari Less Sugar Belimbing 40 sachet - Blimbing Starfruit Vitamin ,0,10,0,"0,00%"
,,NutriSari Markisa (40 Sch),99.800,10,2,"20,00%"
,,NutriSari Premium Jus Mangga 10 Sachet - Jus Kental Manis (JKM),0,15,0,"0,00%"
,,Tropicana Slim Beras Merah Organik 1 KG  - Beras Merah Pulen,0,5,0,"0,00%"
,,Tropicana Slim Beras Porang Instan 1000gr,468.600,10,3,"30,00%"
,,Tropicana Slim Classic 100 sachet,162.000,10,2,"20,00%"
,,Tropicana Slim Classic Refill 500gr - Pengganti Gula,542.500,10,5,"50,00%"
,,Tropicana Slim French Butter Souffle Coffee 10 Sch - Kopi Susu,0,10,0,"0,00%"
,,Tropicana Slim Hokkaido Cheese Cookies (5 Sch) - Snack Bebas Gula,75.000,20,3,"15,00%"
,,Tropicana Slim Korean Goguma Cookies (5 Sch) - Snack Bebas Gula,25.000,10,1,"10,00%"
,,Tropicana Slim Low Fat Milk Korean Strawberry 500gr ��� Susu Kolagen,0,10,0,"0,00%"
,,Tropicana Slim Milk Low Fat Vanilla 500gr,338.000,20,4,"20,00%"
,,Tropicana Slim Saus Tiram 200ml - Bebas Gula Rendah Garam,99.900,10,3,"30,00%"
,,Tropicana Slim Sweetener DIABTX (100 Sachet),249.900,12,3,"25,00%"
,,Tropicana Slim Sweetener Gula Aren (50 Sch),225.000,5,5,"100,00%"
,,Tropicana Slim Topping Kental Manis - Sugar FREE,104.400,12,3,"25,00%"
,,Twin Pack - HiLo Teen Vanilla Caramel 1000 gram - Susu Tinggi Kalsium,326.000,10,1,"10,00%"
,,Twin Pack - Tropicana Slim Gula Buah 50 Sachet - Pemanis Alami,0,10,0,"0,00%"
,,Twin Pack: HiLo Gold Chocolate 1000gr - Susu Tinggi Kalsium,310.000,10,1,"10,00%"
,,Twin Pack: HiLo Teen Chocolate 1000gr - Susu Tinggi Kalsium,326.000,10,1,"10,00%"
,,Twin Pack: L-Men Platinum Basic Whey Protein Unflavoured 800gr,0,10,0,"0,00%"
,,Twin Pack: Tropicana Slim Beras Porang Instan 1000gr,0,10,0,"0,00%"
,,Twin Pack: Tropicana Slim Gula Jawa 350ml,0,10,0,"0,00%"
,,Twin Pack: Tropicana Slim Kecap Asin 200ml,52.200,10,1,"10,00%"
,,Twin Pack: Tropicana Slim Low Fat Korean Strawberry 500gr Susu Kolagen,0,10,0,"0,00%"
,,Twin Pack: Tropicana Slim Minyak Kanola 946ml - Pure Canola Oil,0,10,0,"0,00%"
,2024-07-24 Total,,7.469.400,470,90,"19,15%"
,2024-07-25,12 Pack - Tropicana Slim Oat Drink 190 ml (RTD) - Minuman Bebas Gula,975.000,10,10,"100,00%"
,,4 Packs - Tropicana Slim Collagen Shot Peach Blossom 190ml (4pcs),66.400,10,2,"20,00%"
,,HiLo Active Chocolate 1000gr,1.450.000,10,10,"100,00%"
,,HiLo Platinum Swiss Chocolate (12 Sachet) - Susu Tinggi Kalsium,307.500,10,3,"30,00%"
,,HiLo School Chocolate 500gr,171.000,10,2,"20,00%"
,,HiLo Teen Vanilla Caramel 500gr - Susu Tinggi Kalsium,352.000,10,4,"40,00%"
,,L-Men Gain Mass Banana 225gr,0,10,0,"0,00%"
,,L-Men Protein Bar Strongberry 12 Sachet - Snack Bar Tinggi Protein,0,20,0,"0,00%"
,,Lokalate Kopi Berondong 500gr - Tinggi Vitamin A Lebih Rendah Gula,0,5,0,"0,00%"
,,NutriSari Blewah (40 Sch),499.000,10,10,"100,00%"
,,NutriSari Cocopandan (40 Sch),0,10,0,"0,00%"
,,NutriSari Less Sugar Belimbing 40 sachet - Blimbing Starfruit Vitamin ,249.500,10,5,"50,00%"
,,NutriSari Less Sugar Jeruk Bali 40 sachet - Tinggi Vitamin C,0,10,0,"0,00%"
,,NutriSari Markisa (40 Sch),49.900,10,1,"10,00%"
,,NutriSari Milky Orange (40 Sch),499.000,10,10,"100,00%"
,,Tropicana Slim Beras Merah Organik 1 KG  - Beras Merah Pulen,110.400,5,3,"60,00%"
,,Tropicana Slim Beras Porang Instan 1000gr,624.800,10,4,"40,00%"
,,Tropicana Slim Cafe Latte (10 sch) - Kopi Bebas Gula,610.000,20,20,"100,00%"
,,Tropicana Slim Classic Refill 500gr - Pengganti Gula,1.085.000,10,10,"100,00%"
,,Tropicana Slim Hokkaido Cheese Cookies (5 Sch) - Snack Bebas Gula,0,20,0,"0,00%"
,,Tropicana Slim Low Fat Milk Korean Strawberry 500gr ��� Susu Kolagen,174.000,10,2,"20,00%"
,,Tropicana Slim Milk Low Fat Vanilla 500gr,845.000,10,10,"100,00%"
,,Tropicana Slim Saus Tiram 200ml - Bebas Gula Rendah Garam,199.800,10,6,"60,00%"
,,Tropicana Slim Sweetener Gula Aren (50 Sch),225.000,5,5,"100,00%"
,,Twin Pack - HiLo Teen Vanilla Caramel 1000 gram - Susu Tinggi Kalsium,978.000,10,3,"30,00%"
,,Twin Pack: L-Men Platinum Basic Whey Protein Unflavoured 800gr,560.000,10,1,"10,00%"
,,Twin Pack: Tropicana Slim Avocado Coffee (10 Sch) - Tanpa Gula Pasir,69.600,10,1,"10,00%"
,,Twin Pack: Tropicana Slim Kecap Asin 200ml,0,10,0,"0,00%"
,,Twin Pack: Tropicana Slim Minyak Kanola 946ml - Pure Canola Oil,912.000,10,6,"60,00%"
,2024-07-25 Total,,11.012.900,305,128,"41,97%"
,2024-07-26,4 Packs - Tropicana Slim Oat Drink Japanese Cantaloupe Melon 190 ml,166.000,10,5,"50,00%"
,,HiLo Active Vanilla 1000g - Susu Tinggi Kalsium Lebih Rendah Lemak,435.000,5,3,"60,00%"
,,HiLo Gold Chocolate 750gr - Susu Tinggi Kalsium,0,10,0,"0,00%"
,,HiLo Gold Plain 1000gr - Susu Tinggi Kalsium,155.500,20,1,"5,00%"
,,HiLo School Strawberry Cheesecake 500gr- Susu Tinggi Kalsium,85.500,10,1,"10,00%"
,,HiLo School Vanilla Gusset 10 Sachet (350gr) - Susu Tinggi Kalsium,49.000,10,1,"10,00%"
,,HiLo School Vanilla Vegiberi 200ml (24 Pack) - Susu Tinggi Kalsium,171.000,10,1,"10,00%"
,,HiLo School Vanilla Vegiberi 500gr - Susu Tinggi Kalsium,0,10,0,"0,00%"
,,L-Men Gain Mass Chocolate 225gr,0,10,0,"0,00%"
,,L-Men Lose Weight Chocolate Cereal 300gr,143.600,10,1,"10,00%"
,,L-Men Platinum Basic Whey Protein Unflavoured 800gr - 25g Whey Protein,560.000,10,2,"20,00%"
,,L-Men Platinum Choco Latte Box (6 Sch) - 25 gr Potein / Serving,0,10,0,"0,00%"
,,NutriSari Lemon Tea Powder Drink Refill 400 gram - Teh Rasa Buah Lemon,373.000,10,10,"100,00%"
,,Triple Pack: Tropicana Slim White Coffee - Kopi Bebas Gula,60.000,5,1,"20,00%"
,,Tropicana Slim Bumbu Kaldu Ayam Jamur 100gr - Rendah Garam Bebas MSG,0,20,0,"0,00%"
,,Tropicana Slim Hokkaido Cheese Cookies (5 Sch) - Snack Bebas Gula,250.000,20,10,"50,00%"
,,Tropicana Slim Korean Goguma Cookies (5 Sch) - Snack Bebas Gula,0,10,0,"0,00%"
,,Tropicana Slim Mint Cocoa (10 Sch) - Minuman Cokelat Bebas Gula,338.400,10,9,"90,00%"
,,Tropicana Slim Oat Drink 190ml (4 pcs) - Ready to Drink,33.200,10,1,"10,00%"
,,Tropicana Slim Sirup Orange - Sirup Bebas Gula,33.500,10,1,"10,00%"
,,Tropicana Slim Skim Milk Coffee 500gr - Susu Turunkan Kolesterol,1.044.000,10,9,"90,00%"
,,Tropicana Slim Sweetener Honey (50 Sch) - Pengganti Gula,90.000,10,2,"20,00%"
,,Tropicana Slim Sweetener Jahe (50 Sch) - Pengganti Gula,315.000,10,7,"70,00%"
,,Tropicana Slim Sweetener Luo Han Guo (50 Sch) - Pemanis Alami,110.600,10,2,"20,00%"
,,Tropicana Slim Topping Kental Manis - Sugar FREE,174.000,10,5,"50,00%"
,,Twin Pack - HiLo Platinum + HMB 8 Sachet - Susu Tinggi Protein,254.000,5,1,"20,00%"
,,Twin Pack - Tropicana Slim Gula Buah 50 Sachet - Pemanis Alami,0,10,0,"0,00%"
,,Twin Pack: L-Men Platinum Basic Whey Protein Unflavoured 800gr,0,10,0,"0,00%"
,,Twin Pack: Tropicana Slim Avocado Coffee (10 Sch) - Tanpa Gula Pasir,348.000,10,5,"50,00%"
,,Twin Pack: Tropicana Slim Diabtx 50 Sch - Pengganti Gula Diabetesi,0,10,0,"0,00%"
,,Twin Pack: Tropicana Slim Kecap Manis 200ml,56.500,10,1,"10,00%"
,,Twin Pack: Tropicana Slim Minyak Kanola 946ml - Pure Canola Oil,760.000,30,5,"16,67%"
,2024-07-26 Total,,6.005.800,355,84,"23,66%"
,2024-07-27,24 Pcs- HiLo Protein Chocofit UHT 190 mL ���Susu Cokelat dengan Collagen,293.300,10,1,"10,00%"
,,HiLo Gold Chocolate 500gr - Susu Tinggi Kalsium,0,10,0,"0,00%"
,,HiLo Gold Original (Plain) 750gr - Susu Tinggi Kalsium,243.000,10,2,"20,00%"
,,HiLo Gold Vanilla 500gr - Susu Tinggi Kalsium,167.000,10,2,"20,00%"
,,HiLo Platinum Swiss Chocolate (12 Sachet) - Susu Tinggi Kalsium,410.000,10,4,"40,00%"
,,HiLo School Vanilla Vegiberi 200ml - Ready to Drink (4 Pcs),0,10,0,"0,00%"
,,HiLo School Vanilla Vegiberi 500gr - Susu Tinggi Kalsium,0,10,0,"0,00%"
,,HiLo Teen Chocolate 200ml (4 Pcs) - Ready to Drink,58.400,10,2,"20,00%"
,,HiLo Teen Vanilla Caramel 1000 gram - Susu Tinggi Kalsium,1.296.000,10,8,"80,00%"
,,L-Men Gain Mass Chocolate 500 gr,301.000,10,2,"20,00%"
,,L-Men Hi Protein 2 Go Chocolate (24 pcs) - 12gr Protein / Serving,303.000,10,1,"10,00%"
,,L-Men Hi Protein 2 Go Chocolate (4 pcs) - 12gr Protein / Serving,50.500,10,1,"10,00%"
,,L-Men Hi Protein Whey Daily Dark Chocolate,325.000,20,5,"25,00%"
,,L-Men Hi Protein Whey Daily Popcorn Caramel 250gr,0,10,0,"0,00%"
,,L-Men Isopower Stargizing 30 Sch - Creatine & Vitamin B Rasa Starfruit,435.200,10,4,"40,00%"
,,L-Men Lose Weight Avocado Coffee 300gr,0,10,0,"0,00%"
,,L-Men Protein Bar Crunchy Chocolate 12 Sch (7g protein / serving),210.000,10,2,"20,00%"
,,NutriSari Jeruk Peras Refill 500gr,156.000,10,4,"40,00%"
,,NutriSari Less Sugar Belimbing 40 sachet - Blimbing Starfruit Vitamin ,0,10,0,"0,00%"
,,NutriSari Lychee Tea (40 Sch),0,10,0,"0,00%"
,,NutriSari Madu Kurma (40 Sch),49.900,10,1,"10,00%"
,,NutriSari Squeezed Orange 200ml (4 pcs) - Jeruk Peras Tinggi Vit C,116.500,10,5,"50,00%"
,,NutriSari Sweet Mango (40 Sch),499.000,10,10,"100,00%"
,,Triple Pack: Tropicana Slim Klepon Cookies (5 Sch),0,10,0,"0,00%"
,,Tropicana Slim Beras Merah Organik 1 KG  - Beras Merah Pulen,368.000,10,10,"100,00%"
,,Tropicana Slim Collagen Drink Strawberry 200g - Kolagen Bebas Gula,1.086.000,10,6,"60,00%"
,,Tropicana Slim Kecap Asin 200ml - Rendah Garam,0,10,0,"0,00%"
,,Tropicana Slim Kecap Manis 200ml - Bebas Gula Rendah Garam,85.500,10,3,"30,00%"
,,Tropicana Slim Korean Garlic Butter Cookies (5 Sch) - Snack Bebas Gula,100.000,10,4,"40,00%"
,,Tropicana Slim Milk Low Fat Vanilla 500gr,422.500,10,5,"50,00%"
,,Tropicana Slim Minyak Sunflower 946ml - Pure Sunflower Oil,0,5,0,"0,00%"
,,Tropicana Slim Saus Tiram 200ml - Bebas Gula Rendah Garam,199.800,5,6,"120,00%"
,,Tropicana Slim Sirup Leci - Sirup Bebas Gula,67.000,10,2,"20,00%"
,,Tropicana Slim Skim Milk Plain 1kg - Susu Turunkan Kolesterol,0,10,0,"0,00%"
,,Tropicana Slim Sweet Orange 10 Sch - Minuman Jeruk Bebas Gula,129.600,10,6,"60,00%"
,,Tropicana Slim Sweetener Gula Aren (50 Sch),450.000,10,10,"100,00%"
,,Tropicana Slim Sweetener Honey (50 Sch) - Pengganti Gula,0,10,0,"0,00%"
,,Twin Pack: L-Men Platinum Basic Whey Protein Unflavoured 800gr,0,10,0,"0,00%"
,,Twin Pack: Tropicana Slim Beras Porang Instan 1000gr,15.222.000,160,72,"45,00%"
,,Twin Pack: Tropicana Slim Classic 50 Sch - Pengganti Gula,0,10,0,"0,00%"
,,Twin Pack: Tropicana Slim Skim Milk Chocolate 500gr,231.000,10,1,"10,00%"
,2024-07-27 Total,,23.275.200,560,179,"31,96%"
,2024-07-28,24 Pcs- HiLo Protein Chocofit UHT 190 mL ���Susu Cokelat dengan Collagen,293.300,10,1,"10,00%"
,,HiLo Gold Chocolate 1000gr - Susu Tinggi Kalsium Rendah Lemak,622.000,10,4,"40,00%"
,,HiLo Gold Plain 1000gr - Susu Tinggi Kalsium,777.500,10,5,"50,00%"
,,HiLo Gold Vanilla 500gr - Susu Tinggi Kalsium,1.169.000,30,14,"46,67%"
,,HiLo Platinum Original 360gr (12 Sch) - Susu Tinggi Kalsium,233.000,10,2,"20,00%"
,,HiLo Platinum Swiss Chocolate (12 Sachet) - Susu Tinggi Kalsium,205.000,20,2,"10,00%"
,,HiLo Teen Chocolate 1000gr - Susu Tinggi Kalsium,972.000,10,6,"60,00%"
,,HiLo Teen Coffee Tiramisu 200ml (4 Pcs) - Ready to Drink,0,10,0,"0,00%"
,,HiLo Teen Vanilla Caramel 1000 gram - Susu Tinggi Kalsium,648.000,10,4,"40,00%"
,,HiLo Teen Yoghurt Banana 250gr - Susu Tinggi Kalsium,45.800,10,1,"10,00%"
,,L-Men Lose Weight Chocolate Cereal 300gr,287.200,10,2,"20,00%"
,,L-Men Protein Bar Strongberry 12 Sachet - Snack Bar Tinggi Protein,0,10,0,"0,00%"
,,L-Men Proteinmix Coffee (6 Sch) - 12gr Protein / Serving,124.000,10,2,"20,00%"
,,NutriSari 4 Rasa Local Package (40 Sch),99.800,5,2,"40,00%"
,,NutriSari Cocopandan (40 Sch),49.900,10,1,"10,00%"
,,NutriSari Es Cincau (40 Sch),0,10,0,"0,00%"
,,NutriSari Gula Asem (40 Sch) - Minuman Buah Vitamin C Vitamin D,49.900,10,1,"10,00%"
,,NutriSari Premium Jus Mangga 420gr - Minuman Juice Kental Rasa Mangga,0,5,0,"0,00%"
,,Triple Pack - Tropicana Slim Kecap Manis 200ml (3 pcs),509.400,10,6,"60,00%"
,,Triple Pack: HiLo School Chocolate 10 Sachet - Susu Tinggi Kalsium,0,10,0,"0,00%"
,,Triple Pack: Tropicana Slim Hokkaido Cheese Cookies (5 Sch),146.000,10,2,"20,00%"
,,Triple Pack: Tropicana Slim Klepon Cookies (5 Sch),0,10,0,"0,00%"
,,Tropicana Slim Classic (50 sch) - Pengganti Gula,85.000,10,2,"20,00%"
,,Tropicana Slim Classic Refill 500gr - Pengganti Gula,434.000,10,4,"40,00%"
,,Tropicana Slim Kecap Manis 200ml - Bebas Gula Rendah Garam,85.500,10,3,"30,00%"
,,Tropicana Slim Madu 350ml - Bebas Gula,688.000,10,10,"100,00%"
,,Tropicana Slim Oat Drink 190ml (4 pcs) - Ready to Drink,99.600,10,3,"30,00%"
,,Tropicana Slim Strawberry jam,152.000,10,2,"20,00%"
,,Twin Pack - HiLo Platinum + HMB 8 Sachet - Susu Tinggi Protein,1.270.000,5,5,"100,00%"
,,Twin Pack (2 Pcs) - Tropicana Slim Milk Low Fat Vanilla 500gr,336.000,10,2,"20,00%"
,,Twin Pack: HiLo Active Chocolate 1000gr - Susu Tinggi Kalsium,0,10,0,"0,00%"
,,Twin Pack: Tropicana Slim Avocado Coffee (10 Sch) - Tanpa Gula Pasir,139.200,10,2,"20,00%"
,,Twin Pack: Tropicana Slim Classic 50 Sch - Pengganti Gula,0,10,0,"0,00%"
,,Twin Pack: Tropicana Slim Hokkaido Cheese Cookies (5 Sch) - Sugar FREE,136.500,10,3,"30,00%"
,,Twin Pack: Tropicana Slim Sirup Orange 750ml,64.900,10,1,"10,00%"
,2024-07-28 Total,,9.722.500,365,92,"25,21%"
,2024-07-29,24 Packs - Tropicana Slim Collagen Shot Peach Blossom 190ml (24pcs),0,10,0,"0,00%"
,,4 Packs - Tropicana Slim Collagen Shot Peach Blossom 190ml (4pcs),66.400,10,2,"20,00%"
,,HiLo Active Chocolate 500gr - Susu Tinggi Kalsium,308.000,20,4,"20,00%"
,,HiLo Active Chocolate 750gr - Susu Tinggi Kalsium,110.000,10,1,"10,00%"
,,HiLo Active Vanilla 1000g - Susu Tinggi Kalsium Lebih Rendah Lemak,725.000,5,5,"100,00%"
,,HiLo Gold Original (Plain) 500gr - Susu Tinggi Kalsium,83.500,10,1,"10,00%"
,,HiLo Gold Plain 1000gr - Susu Tinggi Kalsium,1.244.000,10,8,"80,00%"
,,HiLo Platinum Swiss Chocolate (12 Sachet) - Susu Tinggi Kalsium,102.500,10,1,"10,00%"
,,HiLo School Chocolate 200ml (24 Pack) - Susu Tinggi Kalsium,0,10,0,"0,00%"
,,HiLo School Strawberry 10 Sch - Susu Tinggi Kalsium Lebih Rendah Lemak,0,5,0,"0,00%"
,,HiLo Teen Chocolate 1000gr - Susu Tinggi Kalsium,1.458.000,10,9,"90,00%"
,,L-Men Advanced Gold Vanilla 500g dengan 500mg HMB - 15g Whey Protein,0,10,0,"0,00%"
,,L-Men Protein Bar Crunchy Chocolate 12 Sch (7g protein / serving),210.000,10,2,"20,00%"
,,L-Men Proteinmix Coffee (6 Sch) - 12gr Protein / Serving,372.000,10,6,"60,00%"
,,Lokalate Kopi Berondong 500gr - Tinggi Vitamin A Lebih Rendah Gula,0,10,0,"0,00%"
,,NutriSari American Sweet Orange (40 Sch),998.000,20,20,"100,00%"
,,NutriSari Lychee Tea (40 Sch),0,10,0,"0,00%"
,,NutriSari Nostalgia Jeruk Manis Pitcher 300g- NutriSari Botol Kaca,0,10,0,"0,00%"
,,NutriSari Premium Jus Mangga 420gr - Minuman Juice Kental Rasa Mangga,0,5,0,"0,00%"
,,Triple Pack: Tropicana Slim Klepon Cookies (5 Sch),0,10,0,"0,00%"
,,Tropicana Slim 7 Fruits Fiber Daily 12 Sachet,0,5,0,"0,00%"
,,Tropicana Slim Cafe Latte (10 sch) - Kopi Bebas Gula,915.000,30,30,"100,00%"
,,Tropicana Slim Classic (50 sch) - Pengganti Gula,170.000,10,4,"40,00%"
,,Tropicana Slim Kecap Manis 200ml - Bebas Gula Rendah Garam,285.000,10,10,"100,00%"
,,Tropicana Slim Korean Goguma Cookies (5 Sch) - Snack Bebas Gula,0,10,0,"0,00%"
,,Tropicana Slim Low Fat Milk Korean Strawberry 500gr ��� Susu Kolagen,435.000,5,5,"100,00%"
,,Tropicana Slim Oat Drink 190ml (24 pcs) - Ready to Drink,194.300,10,1,"10,00%"
,,Tropicana Slim Oat Drink 190ml (4 pcs) - Ready to Drink,232.400,10,7,"70,00%"
,,Tropicana Slim Saus Tiram 200ml - Bebas Gula Rendah Garam,99.900,5,3,"60,00%"
,,Tropicana Slim Sirup Cocopandan - Sirup Bebas Gula,134.000,20,4,"20,00%"
,,Tropicana Slim Sirup Orange - Sirup Bebas Gula,100.500,10,3,"30,00%"
,,Tropicana Slim Skim Milk Plain 1kg - Susu Turunkan Kolesterol,613.500,10,3,"30,00%"
,,Tropicana Slim Susu Low Fat Macchiato Coffee 500gr - Susu Rendah Lemak,84.500,10,1,"10,00%"
,,Tropicana Slim Sweet Orange 10 Sch - Minuman Jeruk Bebas Gula,43.200,10,2,"20,00%"
,,Twin Pack - Tropicana Slim Peanut Almond Butter Spread 300 gram,266.000,10,2,"20,00%"
,,Twin Pack (2 Pcs) - Tropicana Slim Milk Low Fat Vanilla 500gr,0,10,0,"0,00%"
,,Twin Pack: Tropicana Slim Kecap Asin 200ml,52.200,10,1,"10,00%"
,,Twin Pack: Tropicana Slim Kecap Manis 200ml,565.000,10,10,"100,00%"
,,Twin Pack: Tropicana Slim Minyak Jagung 946ml - Pure Corn Oil,0,10,0,"0,00%"
,2024-07-29 Total,,9.867.900,410,145,"35,37%"
,2024-07-30,24 Packs - Tropicana Slim Oat Drink Japanese Cantaloupe Melon 190 ml,0,10,0,"0,00%"
,,4 Packs - Tropicana Slim Collagen Shot Peach Blossom 190ml (4pcs),0,10,0,"0,00%"
,,HiLo Active Chocolate 1000gr,1.160.000,30,8,"26,67%"
,,HiLo Gold Chocolate 500gr - Susu Tinggi Kalsium,250.500,10,3,"30,00%"
,,HiLo Gold Plain 1000gr - Susu Tinggi Kalsium,155.500,10,1,"10,00%"
,,HiLo School Choco Bites (10 sch) - Candy Susu Permen Cokelat Kalsium,22.400,10,1,"10,00%"
,,HiLo School Chocolate 500gr,85.500,10,1,"10,00%"
,,HiLo School Strawberry Cheesecake 500gr- Susu Tinggi Kalsium,0,10,0,"0,00%"
,,HiLo School Vanilla 1000g - Susu Tinggi Kalsium,2.054.000,20,13,"65,00%"
,,HiLo Teen Chocolate 500gr - Susu Tinggi Kalsium,176.000,10,2,"20,00%"
,,L-Men Gain Mass Chocolate 225gr,0,10,0,"0,00%"
,,L-Men Lose Weight Chocolate Cereal 300gr,143.600,20,1,"5,00%"
,,L-Men Platinum Vanilla Caramel 800g - Suplemen Olahraga Tinggi Protein,0,10,0,"0,00%"
,,L-Men Protein Bar Strongberry 12 Sachet - Snack Bar Tinggi Protein,115.000,10,1,"10,00%"
,,NutriSari Anggur Hijau (40 Sch) - Minuman Buah Vitamin C Vitamin D,0,10,0,"0,00%"
,,NutriSari Es Cincau (40 Sch),49.900,10,1,"10,00%"
,,NutriSari Less Sugar Jeruk Bali 40 sachet - Tinggi Vitamin C,0,10,0,"0,00%"
,,NutriSari Lychee Tea (40 Sch),49.900,10,1,"10,00%"
,,NutriSari Mangga Gandaria (40 Sch),0,10,0,"0,00%"
,,NutriSari Premium Jus Mangga 420gr - Minuman Juice Kental Rasa Mangga,42.400,5,1,"20,00%"
,,Triple Pack: Tropicana Slim White Coffee - Kopi Bebas Gula,300.000,5,5,"100,00%"
,,Tropicana Slim 7 Fruits Fiber Daily 12 Sachet,433.200,10,4,"40,00%"
,,Tropicana Slim Almond Drink 190ml (4 pcs) - Ready to Drink Cokelat,35.000,10,1,"10,00%"
,,Tropicana Slim DIABTX (50 sch) - Pengganti Gula Diabetesi,133.800,10,3,"30,00%"
,,Tropicana Slim Kecap Asin 200ml - Rendah Garam,0,10,0,"0,00%"
,,Tropicana Slim Kecap Manis 200ml - Bebas Gula Rendah Garam,85.500,10,3,"30,00%"
,,Tropicana Slim Low Fat Milk Korean Strawberry 500gr ��� Susu Kolagen,0,5,0,"0,00%"
,,Tropicana Slim Madu 350ml - Bebas Gula,344.000,10,5,"50,00%"
,,Tropicana Slim Minyak Kanola 946ml - Pure Canola Oil,1.165.500,24,15,"62,50%"
,,Tropicana Slim Minyak Sunflower 946ml - Pure Sunflower Oil,84.000,5,1,"20,00%"
,,Tropicana Slim Sweetener DIABTX (100 Sachet),583.100,10,7,"70,00%"
,,Tropicana Slim Topping Kental Manis - Sugar FREE,243.600,12,7,"58,33%"
,,Twin Pack: L-Men Lose Weight Chocolate Cereal 300gr,0,10,0,"0,00%"
,,Twin Pack: Tropicana Slim Kecap Manis 200ml,56.500,10,1,"10,00%"
,,Twin Pack: Tropicana Slim Minyak Kanola 946ml - Pure Canola Oil,760.000,10,5,"50,00%"
,,Twin Pack: Tropicana Slim Sirup Cocopandan 750ml,64.900,10,1,"10,00%"
,,Twin Pack: Tropicana Slim Sirup Leci 750ml,64.900,10,1,"10,00%"
,2024-07-30 Total,,8.658.700,406,93,"22,91%"
,2024-07-31,24 Packs - Tropicana Slim Collagen Shot Peach Blossom 190ml (24pcs),397.800,10,2,"20,00%"
,,HiLo Active Vanilla 1000g - Susu Tinggi Kalsium Lebih Rendah Lemak,725.000,5,5,"100,00%"
,,HiLo Gold Vanilla 500gr - Susu Tinggi Kalsium,250.500,10,3,"30,00%"
,,HiLo School Chocolate Gusset 10 Sachet (350gr) - Susu Tinggi Kalsium,49.000,10,1,"10,00%"
,,HiLo Teen Chocolate 1000gr - Susu Tinggi Kalsium,648.000,15,4,"26,67%"
,,HiLo Teen Chocolate 500gr - Susu Tinggi Kalsium,176.000,10,2,"20,00%"
,,HiLo Teen Coffee Tiramisu 200ml (4 Pcs) - Ready to Drink,87.600,10,3,"30,00%"
,,HiLo Teen HI PROTEIN Melon 400 g ��� Susu Kalsium Remaja Tinggi Protein,0,5,0,"0,00%"
,,HiLo Teen Popcorn Caramel 500gr - Susu Tinggi Kalsium,264.000,10,3,"30,00%"
,,L-Men Gain Mass Chocolate 225gr,77.000,12,1,"8,33%"
,,L-Men Hi Protein Whey Daily Popcorn Caramel 250gr,0,10,0,"0,00%"
,,L-Men Lose Weight Chocolate Cereal 300gr,1.866.800,30,13,"43,33%"
,,L-Men Protein Bar Crunchy Chocolate 12 Sch (7g protein / serving),315.000,10,3,"30,00%"
,,NutriSari 4 Rasa Local Package (40 Sch),249.500,5,5,"100,00%"
,,NutriSari 4 Rasa Summer Package (40 Sch),99.800,10,2,"20,00%"
,,NutriSari Jeruk Nipis (40 Sch),449.100,10,9,"90,00%"
,,NutriSari Madu Lemon (40 Sch),249.500,10,5,"50,00%"
,,NutriSari Milky Orange (40 Sch),948.100,30,19,"63,33%"
,,NutriSari Premium Jus Mangga 420gr - Minuman Juice Kental Rasa Mangga,42.400,5,1,"20,00%"
,,Triple Pack: HiLo School Chocolate 10 Sachet - Susu Tinggi Kalsium,0,10,0,"0,00%"
,,Triple Pack: Tropicana Slim White Coffee - Kopi Bebas Gula,60.000,5,1,"20,00%"
,,Tropicana Slim Chocolate Spread 300g,890.000,10,10,"100,00%"
,,Tropicana Slim Classic Refill 500gr - Pengganti Gula,217.000,10,2,"20,00%"
,,Tropicana Slim DIABTX (50 sch) - Pengganti Gula Diabetesi,89.200,20,2,"10,00%"
,,Tropicana Slim French Butter Souffle Coffee 10 Sch - Kopi Susu,355.000,10,10,"100,00%"
,,Tropicana Slim Kecap Manis 200ml - Bebas Gula Rendah Garam,285.000,10,10,"100,00%"
,,Tropicana Slim Minyak Jagung 946ml (Botol),0,10,0,"0,00%"
,,Tropicana Slim Minyak Sunflower 946ml - Pure Sunflower Oil,252.000,5,3,"60,00%"
,,Tropicana Slim Saus Tiram 200ml - Bebas Gula Rendah Garam,66.600,5,2,"40,00%"
,,Tropicana Slim Skim Milk Fiber Pro 500gr - Susu Turunkan Kolesterol,232.000,10,2,"20,00%"
,,Tropicana Slim Skim Milk Plain 1kg - Susu Turunkan Kolesterol,613.500,10,3,"30,00%"
,,Twin Pack: L-Men Hi Protein Whey Daily Dark Chocolate,388.500,10,3,"30,00%"
,,Twin Pack: Tropicana Slim Classic 50 Sch - Pengganti Gula,0,10,0,"0,00%"
,,Twin Pack: Tropicana Slim Diabtx 50 Sch - Pengganti Gula Diabetesi,179.800,10,2,"20,00%"
,,Twin Pack: Tropicana Slim Gula Jawa 350ml,0,10,0,"0,00%"
,,Twin Pack: Tropicana Slim Kecap Manis 200ml,621.500,10,11,"110,00%"
,2024-07-31 Total,,11.145.200,382,142,"37,17%"